id,target
1537949,0.42720807599179644
1556465,0.8300792294833041
1237739,0.7012813991499757
1130222,0.035860334807427674
982039,0.05598805782931626
1233655,0.3081459732457783
1568993,0.6212860905210967
1294818,0.15489091168209856
954454,0.5880470772785091
1111991,0.5786670278097181
1094543,0.40540475104463203
1063159,0.9181419863279734
1475570,0.21547447912365214
1568722,0.5525639413020742
921914,0.25724813550293557
988203,0.3051249304110021
1081233,0.02714114895292341
1077951,0.13169529132419633
910185,0.2290304552487834
1544704,0.0023243885077740556
1319085,0.7726546367131993
1250714,0.7746673868674134
1558238,0.33741382206821924
1335617,0.4391496478982665
1370191,0.5907523100162794
1422546,0.22925233084223506
1492188,0.29992825704270054
1014554,0.709691973271078
1589801,0.887276384865066
1144523,0.9343109451025587
1354214,0.2520121145677906
1078304,0.3088145089865917
1311163,0.3368062787957693
1567316,0.2767728452892292
1111685,0.35198879905230296
1215850,0.41216067830003955
1146883,0.7364168994854192
1338377,0.5096047467199926
1184125,0.14406945384037007
1529863,0.8620927129619166
1557125,0.3526970825923258
1429949,0.014659708971817342
1487341,0.7490477608670708
1423232,0.8806776359724975
1265569,0.5184137358897443
1275519,0.8997175900635889
1462404,0.022706922536858132
1097267,0.8553837702982727
971675,0.4179014595691998
989218,0.3117471038259355
1591306,0.06906924784578705
1391589,0.4157897046445951
1108303,0.5880254551956552
1323776,0.2286226834503513
1061874,0.28512729060362374
1308111,0.763351737186627
1342135,0.8271637143723378
1261676,0.812419958595944
1312021,0.08657291833183922
912701,0.7416235349866325
1176411,0.7520874877105852
1210964,0.3890400973990945
1537067,0.983864193777142
1421206,0.7316591798449579
1436727,0.6170173439299838
1041831,0.4767301236855196
1005546,0.9049311464430199
1474949,0.8989387731075209
1180725,0.5058104270674935
1031300,0.9705598484114831
1461261,0.8334814477075091
1242745,0.5642300559106646
1328700,0.5423938076771688
1448050,0.15960429940988363
1499006,0.5567816399837614
1572620,0.3815673605536606
1547125,0.5259506657050947
1506299,0.2183440122614494
1160892,0.6235475799718371
1563663,0.6924848404702051
1127445,0.24258221190756912
1584219,0.9856552870284672
1486838,0.35929838607496134
1145147,0.13227498027181894
1132584,0.1605288898195001
1201493,0.49705859627331184
1065570,0.16018528131730703
1533383,0.8887999432515693
1216216,0.30423320308430724
1388215,0.6642207068083748
1471059,0.615033844208762
1252223,0.07407352091111674
1070274,0.0351506638111212
1067494,0.7804765008749599
1199713,0.6472307972216634
1480886,0.47763942058090625
1236479,0.9074373249118491
1310667,0.664541133966907
1317303,0.8693036510136309
1025699,0.763311539476651
1593975,0.6684712155473665
923551,0.22037224569248126
907741,0.24430686621492015
1179839,0.21747183554603888
1580162,0.7993621096550533
1069752,0.9623644429774115
1416305,0.4719161500248302
1503998,0.4088959836024062
1441612,0.9023644136319002
1158211,0.7074215003178594
1484274,0.4867799361489762
1525761,0.3230927712880667
1345954,0.011878962820853434
1537100,0.5469126427747633
1013877,0.15010116603517687
1584253,0.17271244657709273
1293382,0.9526854553839316
1388713,0.894640665273962
1086980,0.39378286615637625
1447315,0.5723111264016606
1014664,0.04375205019602768
1543127,0.752703179895905
1096601,0.2912548019510248
1162110,0.024748359919337326
1505383,0.5103355160184018
1131227,0.5516771623803849
1504841,0.8511555113024827
1019408,0.8732494322402088
1134925,0.49950310187262104
1049783,0.007301478259819971
1511482,0.9560145908130632
1344277,0.5421645340393901
1104087,0.6811634058910787
1535284,0.0945609084837773
1040523,0.9231823069111297
1596155,0.07229968214401583
1399777,0.48915040926082964
1441881,0.23780241595296714
920683,0.7524895023607839
1112611,0.22628965364213627
1034964,0.6721357075825467
1596538,0.9465624928308823
981294,0.8830673091264669
1017906,0.7053153754772553
1334149,0.17740566512655043
1214905,0.8156920416807726
1588354,0.8330151634669233
1573581,0.5704831675212343
921699,0.8197973094985469
1052190,0.5030589071481181
1020231,0.5899243140858234
1468664,0.7982014965046836
1346331,0.8031716157481785
1185604,0.1580716890264322
1096586,0.11414018968821982
1588050,0.7916322002405971
1151613,0.2396167425931951
1373202,0.3094050948251966
1092295,0.8788868917567478
1594264,0.7575934048827099
1231619,0.1781744909659927
944383,0.7106932596027121
901731,0.4742989618580661
1402714,0.5874765828816617
1524922,0.38038239949477903
1388493,0.8930143117456625
1452522,0.5318849257062127
1514986,0.6895015325157283
1378405,0.7625092871855002
1553519,0.08551857968089205
987340,0.9270848521122163
1570324,0.4995356693128322
966629,0.2415388741180361
1472872,0.38848558154936397
1196842,0.794058847472297
1465091,0.7531598375434124
933359,0.6875737808685947
958947,0.054016084590626234
995753,0.4048837828814821
1214653,0.3082694708477084
1254456,0.8487779274897795
1574984,0.0769426992620662
1302331,0.30250366014690344
1064660,0.37648448125206446
1561996,0.7624378311790311
1005407,0.5172137576626679
1358202,0.4036783091836258
1090974,0.20146661318529546
906084,0.274882208982821
1522788,0.4029958494518173
1385835,0.5906164515645288
989217,0.8741310273416087
1070150,0.8882663306310427
1230701,0.8927812952559566
1586889,0.568008807349566
1338234,0.9683608779934756
1194485,0.3396006697921199
1398504,0.34115142932662246
1505781,0.19929313968551632
1044633,0.16364312369371992
1325535,0.978094261804502
1334791,0.12305260989675881
1145372,0.5157626055669305
1507513,0.4839733179605141
1293621,0.5336892417877429
1128271,0.10914364164955981
1028799,0.8705360103353577
1305058,0.5773832937526555
1544109,0.8232285343726601
1427124,0.9786328223160119
1178302,0.0905219681075291
1494395,0.6673857235364874
1084531,0.37024390202364743
1502229,0.6885747552302067
1497951,0.3460954136235458
930886,0.48854527187078045
1294309,0.6623171878073649
935697,0.8957627836407849
1330910,0.3378566305332773
1554293,0.7074008348948486
1174659,0.15038334430551048
1307781,0.8758589974397286
1441648,0.06296374326194598
1425785,0.21319453024977142
1051557,0.7126309710973484
917112,0.1698614369466116
1335019,0.685447788340111
1539478,0.08481127602095595
1303680,0.8291047830478524
1070751,0.5741352568555533
1074092,0.03613973906246104
1363394,0.706608207901094
1303495,0.3546459669404092
1096709,0.018811549295506658
1555004,0.15647142538287184
1535634,0.27029870131420664
925247,0.4858288230308754
1014257,0.18272936589003586
1048746,0.7132495758064351
1195971,0.37352965554756645
1236666,0.3827181199175147
1347156,0.5300488074149897
1566003,0.302337651727149
1242200,0.0852065195043814
970928,0.6857804282051294
1032098,0.5568605032352335
996289,0.022697583297225044
1071245,0.724187669125002
1436094,0.9891981172483023
1076582,0.42569359698105247
1076605,0.20706886334440233
1022554,0.010564421321390127
1580704,0.13377071494685355
1361396,0.5773196983260331
1063362,0.39517266167335263
1179785,0.29300042806639537
1107436,0.27408852118142557
1014749,0.7135906713971224
941436,0.7867581957937437
1466779,0.03935646492307143
975395,0.10968468502933426
1157143,0.6282392067414625
1595036,0.0491922955791555
1048716,0.9799177408098132
1111292,0.4667445081478
1040462,0.24398365076858153
1301221,0.6623461831439236
1564142,0.5238557402662445
1544573,0.4570887825680733
1241957,0.04007757345438545
1004923,0.20513366048750403
1327769,0.1012497003974362
1071310,0.7142945751984284
1313651,0.26929405642149784
1460901,0.44357371863946116
1499258,0.8873969579628936
1229255,0.654086049455446
1506640,0.9690537688997694
1475311,0.515391103871132
1060778,0.9770942919453738
1567552,0.2326774548948135
1504555,0.739060691062888
1296301,0.6987982088833212
1164660,0.26018316120531815
1178080,0.25462016151335065
1146365,0.24726055871527475
950193,0.8049728530738431
1404350,0.9225162833690516
1122300,0.7160304190261592
1317139,0.5560447774871904
1247659,0.16662052855048437
1587331,0.04831475428856913
1200946,0.7741407291609514
1333440,0.6635496294220513
1590503,0.6903024972088975
1503822,0.5316537541145457
1291716,0.6582648030176022
1503383,0.8552442066542227
1579082,0.6722586334755951
1054454,0.09682625421988877
1155664,0.6607826876323538
1595222,0.36276701941049294
1251836,0.4202292908210118
1306653,0.8770026562526617
1114094,0.21385978627342683
1076517,0.10208262055747275
958124,0.47090487013262605
1334839,0.9997275753439451
1565976,0.5957457206527053
926087,0.6921624943609528
1001208,0.7499166345114574
1587888,0.11944441696125707
1136413,0.15652218084981218
1267066,0.09234429564499314
1525503,0.8039377029186495
1394046,0.26886666306045415
1589356,0.018278192762963386
1356039,0.9436383072866076
1313302,0.4258256974776219
1513661,0.7511802606544594
1184971,0.7212016897633929
1286529,0.29086740194231764
1592183,0.6890530941880245
1236236,0.4539296414365094
1257414,0.22648080328177222
1392114,0.3675085255405003
1135834,0.5857425347337994
962850,0.7073824902840351
1452288,0.6237984021119992
1341000,0.9569885230108837
1101952,0.6146635940211004
1273440,0.5611365792870391
1145785,0.21283818391954357
1202456,0.8090194363724847
922396,0.8289776779736736
1538215,0.05494162295027416
1093694,0.34948982166014797
1557803,0.429347112812802
1556933,0.6272652014556748
1523486,0.16709313917822866
1017147,0.7907533922757477
1272169,0.9444863671890934
1138475,0.08185539291006427
1046954,0.09077118546631258
1015094,0.21238745214907662
1578782,0.7715043312367613
1262921,0.5522156207780823
1116931,0.11696231452307237
1510642,0.8009957396139807
1415635,0.8586797054322263
930160,0.4124564464626269
1365781,0.9870305010342857
907144,0.5875385569586044
1182574,0.07540002739659535
1472971,0.7678334659039603
1060812,0.6759016872903569
918601,0.5482977227415535
1537697,0.5935231854032011
1072222,0.09456919305517353
1501864,0.8665913778300176
945167,0.48204058993174637
1196058,0.8698292893137639
1028377,0.45636712115101064
942602,0.7994566814920324
928545,0.4400506973912348
1059477,0.9151340233229536
1160655,0.6509939333454352
1122692,0.49567967844481
1318770,0.41004775276660244
1599845,0.5017086891345801
1178170,0.441748467181702
1357172,0.4941744390601497
1104796,0.5174443172304497
1181374,0.5502387181316943
1111715,0.2698347885487351
994261,0.9729801320897256
964278,0.4202399028441105
1337582,0.9325517479431111
1137564,0.07931183910408057
954957,0.31969837317231176
955433,0.007828545919562058
1421639,0.8507352664857796
1222712,0.908210493162016
1188127,0.6130954393960909
960268,0.2164469450164268
1438518,0.456246431816852
1190368,0.2355488416332625
922832,0.8352423516983604
1471249,0.009672497437289374
923817,0.8425272106102244
1026639,0.3223230003256784
1003993,0.47609921923594567
1539877,0.2630319830809609
1181249,0.38363188557182426
1338498,0.27535348109913127
1506453,0.31886284946356624
1023247,0.7232418201139036
1159974,0.8423294472964314
1491662,0.20247133499734415
963075,0.8340320354151303
1044453,0.6266406199158547
1587270,0.47106544536430783
1471562,0.3487122557876988
1440626,0.5420354717546827
1243240,0.07592420858231952
1498106,0.06006936515429784
967199,0.3246375779876063
1112089,0.8386569585981455
1430565,9.063378481966033e-05
1112892,0.6797468481626529
1039677,0.9770083283010059
1183268,0.6713545512158163
1452868,0.422027790068611
967045,0.5226509719994137
1204752,0.34903302196638886
1251559,0.44698779001975764
1555613,0.7725671637435376
1339159,0.3779251938274928
1128163,0.2233641357060402
1024505,0.6339966671181119
1413078,0.7178695271465878
1409862,0.7502909602096028
1044215,0.4289504338174618
1323090,0.9286285506240187
1529512,0.1528507963866903
1064518,0.17046583563676032
1126506,0.14711294309640766
916274,0.7029780264042648
1342340,0.3149331262902533
1132915,0.5512641452142831
1431444,0.054584809180753036
907916,0.9750004285394989
938984,0.58409161789296
1078439,0.2621132009759791
1301665,0.15424857732935204
1456363,0.1577184896551861
1465824,0.8756129498545393
1416148,0.6651251365297381
1050420,0.14815672226191234
1331616,0.5685944318318293
1196433,0.147798173959783
1224248,0.06577332291589844
1187675,0.8953421377862936
1489823,0.5070802392174281
1175784,0.17460516040077678
1211843,0.7093237943056315
918714,0.14102481902722053
1086131,0.9104526836389427
1183043,0.2368316831808136
1141141,0.13702471255310855
1475861,0.9380123401874197
1067067,0.02657043634567191
1227971,0.3411562829185255
1481593,0.08687593441110253
961173,0.7394779692674167
1351578,0.17882752813221703
1003804,0.6309460355746265
1552191,0.16508988741055153
986482,0.4159641585121595
1421734,0.304074575464492
1557467,0.024579347139981333
1194142,0.9178598807940995
1391963,0.8723519092353034
1041562,0.669853765046705
1075871,0.31018148557285163
1434852,0.9285812753401412
1483833,0.8328259159457717
1055326,0.07085476702155635
1125110,0.2696609402668221
1028575,0.5563092562393697
1443664,0.4303205205635734
1498403,0.8069814298574874
1305595,0.4958282289169059
1025945,0.042950275634220714
1483279,0.5864488118938228
1061305,0.14464747620452434
1430376,0.5171782269083796
980055,0.5247166154092485
1474079,0.9057977420687563
1319622,0.4795536689617934
1163968,0.4795402139961188
1381319,0.10388800444184587
1287520,0.3577302799381028
1073025,0.200398938486265
1149986,0.8096649889362063
1227107,0.9375909446409337
1588436,0.8434151252997071
1432305,0.4550061111904016
1196400,0.09598878447743497
1134958,0.9401629542564528
1509156,0.7281716091027907
1350014,0.5870089941658921
1423129,0.5273191485183153
1523249,0.7516199415713868
1455530,0.8563883191803549
1255234,0.8545791457498546
1155635,0.30724866130632567
998276,0.9397588144994198
1103218,0.8130902946360222
1143356,0.6479127664330149
1359314,0.0031862005283174177
1133786,0.852037314617121
1534932,0.962889779175322
907163,0.9859717468230433
1411981,0.9531675046760386
990256,0.29985922700783063
1474418,0.9400013754945429
1009467,0.5537841278512178
1415254,0.01888412425078989
1025821,0.5244828899859377
973459,0.2980433561459175
1457415,0.569673172736521
1281206,0.35507891877834763
1371660,0.2821314288093363
1307762,0.4446953079199809
1076182,0.9719574211633796
1026043,0.2121815185090189
963864,0.17015592676180047
1061771,0.3831012818155818
1558396,0.09585603713959068
1289730,0.4247612859542108
1354571,0.07144126667884809
934134,0.5135654539743735
1467498,0.05024907097478981
1570114,0.34801207201186424
1403409,0.4210472592900849
1582148,0.3099159780383549
924738,0.43246470283575533
1088195,0.7745312194396866
987848,0.33193193428712275
1278072,0.297739353215984
1429590,0.7775838502561293
1403655,0.5828173923692663
1400847,0.360198085554705
1181006,0.751550440593434
1429619,0.15578589559536615
1366410,0.5326249044082094
1024974,0.8718008798164268
1036239,0.5932091854981947
1223865,0.9617954249134145
1246552,0.9394720972810175
1468458,0.30856853227288217
1044847,0.9278951634791875
937745,0.8999052075819065
1323186,0.8447781655230752
967068,0.5564795874121924
1071131,0.23158920312959796
1195925,0.3768766660874985
1260313,0.5519475270680182
1405907,0.5437718761592779
900354,0.18058953604904016
1563772,0.570899090185136
1267522,0.0046361431927668395
1056946,0.42958732501543584
1059458,0.5117712348062218
1184246,0.3679941083473889
954800,0.801299425041472
1392037,0.6019165821381082
1449492,0.2641824318723993
1591394,0.9547014606250148
1494323,0.6132542030519922
1067998,0.7166677457104053
1596518,0.5069581443687319
1351428,0.839984248366835
1440923,0.8023892217681179
919755,0.37508503603168175
1476464,0.8585440459021604
1474372,0.7373284840661353
1431690,0.8373999039383861
1190004,0.45846998907017245
1268800,0.38664722379569527
1190995,0.9567552572794454
1535269,0.4153643142445743
1049788,0.20740225377210997
1358471,0.23580659206865018
912900,0.9008587925540115
1080503,0.545713675521821
1407019,0.8426465018121841
1595801,0.6467965258847943
1565889,0.8831348862835061
1277133,0.48841523445525115
1074222,0.20265024505595786
1453335,0.8980093215481747
1218697,0.30943296716260227
1456206,0.5296599832512485
1346675,0.9245448785923807
909138,0.8281573280122506
973740,0.6018891355713738
1321268,0.851413790339764
1416154,0.04499034915306699
1396896,0.38055223387210924
1502279,0.5673383777983064
1486156,0.6333134352798918
1189171,0.4593348689973954
1081669,0.47107557509255893
1263487,0.20016173491378586
1147350,0.7576891097764564
1489229,0.6057062239431532
1104925,0.4673187076309242
1296369,0.8552576072867257
919963,0.7437926561785955
924494,0.616806680153414
1141751,0.5623271647018041
1100185,0.9526928912983849
1566987,0.907015246250999
909189,0.10281823685436864
1488659,0.2784593633360335
1193984,0.910535804021118
1160580,0.581717490739164
1017085,0.6413721139830412
1185715,0.9291004394031136
1420805,0.7425245699807308
1322600,0.6330844627810661
1265778,0.15487827055921244
1229137,0.4569259337725472
1415015,0.13621192349399347
1006335,0.9052610833918334
958004,0.11563506583221828
1572813,0.7017828025073433
1178399,0.6244604863282659
1330784,0.24851361762073432
980060,0.24163522076446386
1414165,0.27249706542782637
1084362,0.9677979556188796
910265,0.18535351381618637
1458406,0.8942725391673004
1185976,0.4823211131688684
1079136,0.4654036978227346
1403664,0.9745163722533745
1012544,0.3521439133562727
1299538,0.7725053704037469
1282325,0.7027849996533779
1063254,0.0710755719340267
1529664,0.5453147602328153
1251586,0.7697280687154328
1343883,0.3382413692780559
1522564,0.20792656323562586
991025,0.6756348352398558
1224294,0.48423750292519807
1265641,0.7853174902366755
1545965,0.5844353231088216
1328148,0.7107387704515026
1267017,0.21454251107227895
1597138,0.942539332063643
1272822,0.5353422446925885
1030497,0.7708080487049903
902734,0.17301064318454196
1480785,0.6619244887136327
1275479,0.16244861823243728
1518891,0.15524483074016793
1477477,0.7238552254332895
1597407,0.2565919302041805
1191967,0.3569256901337885
1448105,0.4513971309724908
1002677,0.37741727890840415
995041,0.03284180216797716
1224676,0.03900074332464454
1466597,0.4799035880164628
974830,0.14590568257001635
1206574,0.8924927958859047
1118439,0.5495412986211837
1523096,0.5515268899258565
1280734,0.6452911243853211
1558189,0.2632872314023389
960805,0.6429803753877718
1520375,0.14291963742872815
942550,0.5581579270353617
1038957,0.7625863448014255
1459794,0.9435825000422086
1075002,0.9036288797324729
994757,0.6444758721018203
1107607,0.231687339568187
1387648,0.5513659665372114
1243617,0.3649762922051706
991782,0.7161773004966338
1598835,0.5072447694469817
1190813,0.8185493498259179
1346250,0.2603217112587428
1110657,0.993154702466325
1491391,0.5746990206220848
903064,0.39988159672144497
1346127,0.3599494280581995
1151229,0.4294967345016075
1384195,0.41487455336197043
1274983,0.06144500769461614
1426250,0.32315978355630415
1260231,0.635662039705347
1396207,0.18388325126554816
977693,0.5334380671653367
995738,0.9378166657214634
1432221,0.5310626281886179
1201198,0.22373885535972837
1162885,0.07518404420266855
1086647,0.7316605945290582
1453769,0.14523071613260763
1529961,0.6825379893557879
977574,0.0520863707679281
1250923,0.6501979067681529
1100577,0.3596059249335003
1307049,0.8687676283907098
948691,0.9452191606886953
1258838,0.9484162936655133
1487213,0.15781762409780808
940663,0.6231378298395898
1367974,0.08203963850090656
1411959,0.8965293525158756
1573291,0.2343509172728131
1437051,0.059856072003222405
1204742,0.7916046050801899
910011,0.1947226409797903
1088396,0.1206439761508622
1361918,0.4418537404766615
1565263,0.45108144524384575
1434174,0.11268698517918863
1565615,0.3043441882987963
1136575,0.0639959776419311
1389217,0.5492443555671755
1348653,0.8383908822121702
1179631,0.24660342670903224
1481533,0.6087117674998237
1324784,0.10712524270536794
1283223,0.9838750121992393
955713,0.2606902466003366
1109174,0.10489515276441885
1220228,0.6249942195853023
926649,0.6613253498212748
979222,0.5274709939901912
1414067,0.8101630134323355
1427508,0.02180908034844853
1379382,0.5201787177556059
1571700,0.83801520518071
1180782,0.6390810301203773
1275871,0.08742386832439131
1227752,0.2649377735539111
1512184,0.8382925079425443
1022042,0.7045019287360914
1566213,0.821381865339109
1259255,0.5717994333556633
1366172,0.9911610273985851
953301,0.3051065099471457
1093489,0.4028106299711717
1205392,0.791317755597408
1022897,0.35191682134449165
1589569,0.6152829122016211
1239213,0.7941307879680051
1135229,0.43889276910276787
1109989,0.7877469016078792
1143647,0.755864255253257
952170,0.6077713017282624
1205731,0.9297878074924844
1501147,0.5511006207169995
1519784,0.3071902947741404
1538580,0.22959492949510762
1554074,0.00521363318890633
1138597,0.5364971163986648
1378150,0.07852546734788468
1533511,0.13851775179260795
1070084,0.6826318946906385
1570980,0.19400047867402426
1526450,0.09333903241448371
1561643,0.31721511319774853
1417699,0.6789641479080523
1225502,0.30488756978781384
1069469,0.19579253852747358
1330108,0.6470716579393939
1241450,0.991186996153218
1115647,0.5456899677606709
1137982,0.29797135092146254
1207338,0.4030359620246664
1183925,0.4209469435482228
1203035,0.7551110827971963
1015263,0.5027599730006722
1379138,0.30738586084141484
1272180,0.7576655377905378
957658,0.8158820453118479
1125000,0.30765101932182215
995309,0.5115223248556504
1567990,0.5390574718841404
1140428,0.2400602676133421
1172503,0.8901115031261029
1100181,0.022101979195953803
1255851,0.4799976656047077
1106590,0.6408404621108849
1479579,0.8242466119434287
1067303,0.5688332332914238
1589092,0.12986138240317102
1128518,0.802618137608426
1436153,0.6061036679584608
1441393,0.1219143383151241
1345472,0.446992046194303
1275952,0.18560851242773813
977262,0.7819791271270298
1542906,0.9828278645343324
1306708,0.40844959282477045
1569770,0.44435946405211557
1025201,0.04528795679426956
1121652,0.17766176922888222
942334,0.15478285260293
1137962,0.9616649638046377
1548808,0.31829393881139645
991166,0.08476242962493286
1409628,0.3547023679505191
1299647,0.8166743308969744
1238426,0.30459412080843973
1516802,0.7247326824204908
1454612,0.28333967755270717
1229745,0.5094903114979564
1144783,0.2733124363434031
1012304,0.15209875780774185
1219855,0.06438462318562599
1421072,0.5814746409345398
900158,0.5455961464167649
1228916,0.5264185485458311
919609,0.36172555372421467
1272615,0.36462535416553565
1536561,0.7275559024230016
1302746,0.9958932387485193
939751,0.09041259804240132
1322142,0.08164206338430535
1403647,0.08604712650802371
982534,0.5716811272004028
1450246,0.2888033994276109
1095125,0.45431118704710727
1493891,0.41054686229799875
1483347,0.43669334061576837
996865,0.05559377906111229
1447742,0.6758920587481805
1470782,0.14919589029894997
1186920,0.27389326230746447
1040242,0.7155175661579234
1132848,0.00994639614924675
1593218,0.06358525624853828
1031558,0.8402144778086857
1096483,0.15903559472722273
1161632,0.9961771444097226
1021833,0.8942820951496573
1026179,0.8088861728846765
1336795,0.5216244324925361
980355,0.4443228961980885
1581530,0.8761395976341291
1114531,0.9510018383125206
1284485,0.6188361857611857
987823,0.4188391372073408
1558955,0.2903316386939442
1128179,0.8807557100872281
1167494,0.8345227329765169
1386581,0.6479421819468684
988947,0.9427723275356333
1283853,0.3102817109638848
1076666,0.6908694007812266
1496687,0.35683750863080155
1137927,0.11157290603965009
1156948,0.4272088168289815
1434691,0.2948475219636627
1544846,0.10800079538732033
1405133,0.09709269770552142
1435907,0.5571530455073282
1356402,0.07411034571150821
1043142,0.8220164864262997
1489028,0.5969716182370893
1488482,0.48009508206641327
1248689,0.7887664768356525
1425869,0.23503903460859488
1009242,0.33266940815866275
1455280,0.9227404839356711
1304307,0.9331021783311746
1182522,0.9689873708230938
1015141,0.2129691212922905
1592447,0.8276314985002532
1227373,0.41630887465679733
1423254,0.02035032837828954
994742,0.7505021283898714
1446984,0.5073495835287195
1480721,0.22847320479965672
1215892,0.8130949430624115
973293,0.9781783607533666
1411076,0.6386318044463503
1278644,0.7721187206533837
1492260,0.190354390074435
1565034,0.7604782525625357
1370211,0.7109312165888793
1471827,0.5833579653659294
973635,0.13799703864779378
1144294,0.24399140091491223
1176496,0.6216545185798679
1307898,0.5726525899416047
1424800,0.7661867091398437
1257626,0.6491140527596646
1373170,0.13017286480333956
1063359,0.09713785953478316
1085679,0.18091293977045264
1310727,0.6968798878506431
1546317,0.40626191487730434
1480031,0.9300170759212402
1022993,0.21376897617635693
1510141,0.2670734859474335
1406493,0.6917871277957278
1422969,0.9241185719964411
1493729,0.16825170683498947
1215284,0.8739452047465355
1591354,0.18108612877877128
1425928,0.6721040198282767
1133444,0.9788736594804645
1240773,0.909382948501192
1582649,0.5871630083308957
1206442,0.09930436275832644
1036684,0.465299570327692
1239401,0.5771472389721165
1124272,0.0069447564346571955
1137707,0.3921068331614641
1444773,0.0745956043226984
936446,0.9617920819783154
1588424,0.8648774005536495
1332320,0.41259365870188436
1295653,0.4033278830218945
1022963,0.0033848692532526536
1511884,0.08172532603934068
1566120,0.30202791782844485
1453150,0.493201763081497
1227157,0.48142799499802635
1585748,0.33728385595339405
1265647,0.8501267882387104
1514274,0.9669676789578099
1410690,0.6245764431150264
1570647,0.6762904498781817
1406879,0.4964972851557864
1097091,0.8794530725018966
1160455,0.26920281163918225
906581,0.7351631745788523
1489125,0.92068899791426
1461769,0.20907993246029466
1486969,0.5034907898692035
1392588,0.652786969499017
908665,0.42784885204069156
1043395,0.9924987146978562
1482783,0.6740896433518756
1176037,0.03714336760706938
1106888,0.9446430062974105
1588272,0.1832812115592768
929856,0.17453625677115958
1563757,0.9366596800709297
1227763,0.6944243991751683
1342059,0.7741156736580409
1112713,0.441391761529899
1204456,0.29721336237635565
1548398,0.3665629721333904
970989,0.2772423960072403
1263153,0.1811401275354355
1382442,0.7076297895956072
1160354,0.09925129841305536
1134075,0.1627535743582248
1155012,0.7544116308823934
1023651,0.955776590364941
1535488,0.4527185606405414
979649,0.03377714462788839
1432607,0.5603866794765715
1020386,0.24592162826193986
1249042,0.5274128839647868
1568498,0.981059348550587
1015891,0.06606214663703458
900058,0.9323955798306273
1273922,0.7081582242793304
1101072,0.11500145229390735
1040659,0.084196075551357
936193,0.894859367605354
1520493,0.16888110446733362
1029280,0.8903600997810927
1226147,0.11167554999960139
1093422,0.42962924224862453
912794,0.4418973289952566
948255,0.45990896452038177
1100498,0.8527546760238921
1387742,0.4850017293228638
1238099,0.2807922887843942
1411424,0.38320064494905515
1456307,0.5641419347181439
1277413,0.3476854689081461
1452266,0.5531617488421426
1577444,0.19880290741664386
1220450,0.9461258114514949
1242484,0.9200410139671443
1444300,0.019644349544811868
1536460,0.4199220109609295
1377346,0.2839656822575599
1103538,0.08642264142031841
1169879,0.35660954977220616
940668,0.4324509827690649
1137316,0.9773661122872825
1303643,0.27957502304795323
1435075,0.6362393190255929
1370904,0.908606076282517
1411289,0.9243976411808779
1343820,0.44455923758079574
1455309,0.7508012060578912
1436001,0.9310284760538294
1406837,0.28852578039391474
1341709,0.26591861493067137
1280325,0.002184739582186901
1458892,0.8571796900946533
1165862,0.7221840236554565
1593280,0.2307637867018908
1264017,0.25619748044657165
1182335,0.2602513964960893
1579204,0.005807237295685552
1149313,0.6152323404337636
980168,0.4361469176146665
1231913,0.5484263430573604
1027995,0.7832458541803486
1161665,0.6747303048084624
1243225,0.01989140718411131
917238,0.8995515455720297
1446292,0.13017744477386595
1298942,0.2714215399680321
1285492,0.5965997702330588
1549862,0.2244645490848176
1349342,0.08957405050765899
1208196,0.019802091339369055
1356397,0.6892674144957902
1034176,0.692141981629795
1374709,0.18889958316403077
1373482,0.8104084821288945
1122797,0.608996889966331
1517127,0.9731080870554993
1382625,0.7812912594285539
1412862,0.28172671566272867
1522971,0.14520331821813637
1131501,0.9519268533741377
1553217,0.9520068559465765
1246702,0.6685678929464954
1006290,0.1390293392677069
1577757,0.10777553470996803
1141104,0.1449903963350906
1290601,0.19691637150538188
1184508,0.19229966054929004
985266,0.07623907069135694
1208534,0.4051315523024439
1372411,0.3593882944026555
1104872,0.5741655069502067
1034492,0.20578983658926586
1079514,0.9394936332414988
1291668,0.040583490847444725
1207593,0.963152230900151
1162458,0.4527950179244671
1156056,0.1774847053399924
1107380,0.6388386709964501
1124078,0.033918163286047465
1540545,0.7350346680754833
1543554,0.5654857158126245
1146001,0.06254147633981721
905461,0.3924625518653969
1213039,0.4098865949782322
1237893,0.3438366596540603
968473,0.21646611505438274
1359080,0.18321221179398028
1169502,0.0886131033276889
1257910,0.032414628741448626
1071655,0.6223275760541725
1401059,0.30768082285388865
1044862,0.2353795120852028
1365118,0.2182916510042514
986371,0.6563774010844601
1433124,0.50749982288266
1463021,0.7007999629628702
1131737,0.6952430329179224
1287617,0.7314011370668588
1095074,0.7479907852659761
1261158,0.9502025245038768
1348981,0.45462173373466164
1417626,0.09998236402084892
1349937,0.5312560261989894
1224895,0.7585603371045264
1457556,0.931002912446254
1598348,0.9035686145646821
1418260,0.3345341557981415
1557200,0.21232929026279268
1122991,0.7669406482842981
1588578,0.10618611334944572
963296,0.5839240017216144
1418801,0.6709912707017471
1247892,0.13521496638078123
916860,0.7867898561651119
1593444,0.26862761233097787
1307218,0.13732501721615087
1334555,0.14494744941729576
1116447,0.2569431592029148
1582770,0.6625894537920999
1345735,0.7951132468690738
1300530,0.6178919091463314
1459895,0.03361172777147248
1008399,0.3711903214700881
1240430,0.16939753264148683
1179619,0.8051703494883813
963420,0.5603960838852913
1086898,0.1422261078079986
1246824,0.03417811903923629
1504503,0.03902794496642181
1471604,0.06592262797536474
1474319,0.32707643429728206
1102755,0.939263975387349
973477,0.5059056611929579
981938,0.24784524724763557
1223044,0.8396065210750249
1294118,0.36895940598237587
1470421,0.18056468598279618
961135,0.9489526938251384
1158403,0.11526208576007468
1159474,0.5611638592405561
1023682,0.30176919912873446
1116066,0.6285070972087412
1313038,0.5686976401241605
931282,0.6217200269679615
1409357,0.5475676556712361
1336769,0.24147547973006833
1572745,0.06424909176304705
1423560,0.644170690990589
1223848,0.7857551368910047
1204163,0.006912472590339225
1512497,0.06805865331394956
1072813,0.46746816585804496
998625,0.07413007078578981
1119702,0.0517916234214304
973730,0.8139130087162405
1472011,0.3205241380685171
1410102,0.9717178872447737
1336970,0.5791857980411387
1461458,0.717103040901332
1460763,0.016492337912876298
1290175,0.13365631155103808
1191401,0.5473884341956983
1300059,0.4843897002382658
1426199,0.7063169896733359
1200165,0.1128242815505568
1415417,0.5691196744880276
1019678,0.42163028999497243
1119954,0.9422987124433464
1336134,0.0030469802932946433
1125759,0.5950784422097393
1067699,0.6899488584273674
934582,0.542461706464587
1084924,0.775927027621715
1469860,0.5523852932494461
1169997,0.42447824746346896
1046520,0.1498849891818802
1512311,0.5657924755235941
1475294,0.3577707494493282
1452854,0.31688118914605634
1068780,0.5549468326967688
1524471,0.8701562214400398
1401335,0.8340083264934238
1270806,0.29733884914470154
1238737,0.9635578292549407
1118772,0.8722907450084576
1203880,0.7400743634389038
1038347,0.39670946229933557
1154479,0.25894290164356915
1388527,0.2947375475694164
1218914,0.9164352382567483
1314789,0.6559463107399649
1515338,0.021320570283918427
1171795,0.39697227355845366
1082950,0.7334278850634836
1227824,0.7671105770527036
1087598,0.19763219991752334
978761,0.3523197560896255
1083640,0.3215476111986212
1185163,0.4721603033104592
1379179,0.87956240829534
1399095,0.03339027654387117
1048844,0.8519071932296807
1289945,0.4254509530845628
1256189,0.5273520599534021
1147233,0.3957019047693544
1456998,0.8971140976960663
1070440,0.7057254349348574
1145206,0.09196399903647545
1124710,0.3845052128549915
1531786,0.514705508109829
1364648,0.4480817094178343
1092556,0.7082015293020035
1526973,0.24498549778016476
975692,0.047333731519508926
1517371,0.23992261642245172
1239579,0.4047582089323294
1213656,0.8375209657463805
935980,0.3176690093915264
1503242,0.015557933959223447
927176,0.5369499508575895
1207854,0.8099167066214944
1020495,0.8289968681639815
1120917,0.27647960862116105
976936,0.41076887663100015
1598876,0.9885168584867804
1107720,0.5504711936070714
953403,0.30669846033901316
1202568,0.49673685789624267
1301851,0.3625366255113679
1211744,0.6676993193017328
1034495,0.3126792265855197
1245775,0.4551380277200723
1592998,0.0848347671395544
1263923,0.5351532128612632
1270073,0.008384143740045369
1553374,0.6797191876289839
1539442,0.3922786026620867
1585486,0.5711274152440241
1205813,0.5876502380986375
1432126,0.5720852099131668
977339,0.29990557625180125
1059977,0.7462489998530817
1405493,0.9564115347940699
1588047,0.14804719060792126
1390386,0.4355628365971941
945581,0.2000934851562256
1010606,0.7300929679897421
1278904,0.16491505063617218
947469,0.32241844595031344
1448431,0.0930412994709442
1242070,0.15740377231027336
1026086,0.035462246173168954
1157831,0.5496595506616998
1074425,0.021275539647246933
1163582,0.16272486797359487
1077439,0.293817143090243
1585904,0.3724326202017447
1283354,0.9900024374628998
1158384,0.440013748399505
1490411,0.36842523682839434
1343617,0.19166207440101946
1460406,0.47381477568976316
1431811,0.5795663153445869
1517172,0.4367925464659501
1079345,0.30026077893573877
906703,0.2663492428375761
1008829,0.8573091176897026
1026570,0.7839941983084646
1597298,0.42646224920829523
1478691,0.390766614259745
1065345,0.7685366779320109
1591497,0.1101555354503958
1272111,0.8738345403710287
1547956,0.024984514988373396
1284157,0.41506679140528424
1238263,0.594018936097223
1122860,0.13591028061971888
1442548,0.0011755365325757383
980492,0.4067660598836893
1125665,0.9467915681840726
1204947,0.9388562831788355
1113642,0.907652170859271
1059522,0.4322342993957127
1545887,0.48912355543542674
1440959,0.8063797764211502
1353334,0.8675716138362892
1500992,0.5852472572704528
1359368,0.026004430733010175
949009,0.47866782588031187
985224,0.9667395966939599
1322383,0.33161349223459113
964631,0.48934054524128534
969111,0.29415119635567333
1264972,0.786964068178126
1277060,0.5200108474718719
1475057,0.5839843250709208
1005084,0.697217309886684
971363,0.26370379784449716
956165,0.7796215467779437
1304376,0.9850499018903488
983173,0.5544287862702303
1107533,0.3855620212292823
1563141,0.3018995831150507
1474876,0.6115988644153609
1552919,0.6336093390086025
1073960,0.4198998711753015
1273320,0.1436562128460418
1360560,0.9649455734081104
1271212,0.5807812476932002
1004657,0.8577419844546347
950534,0.57384405734102
1428907,0.8435974710085457
954056,0.6131445656108709
1319343,0.7830687115709576
960565,0.6811775468562927
1181015,0.04476973483437785
1311541,0.26291293474508004
999458,0.04955740230490768
1459795,0.01874856928753499
1189847,0.897962657647327
1556498,0.05951620509983435
1345615,0.03193228901098444
1031461,0.1716821791600639
1086431,0.726124220355862
934204,0.9622265446215224
1358252,0.7586785154702377
1205467,0.9727767469352062
1251789,0.5968826303941146
1085441,0.19790638524442816
1058195,0.530676340321083
1395851,0.9473425735717004
1553292,0.1863813854919547
1541854,0.9495096843287334
1245064,0.9792920954971354
1004455,0.26716155937674313
1026991,0.1985293706238237
990863,0.7258853132489432
1249724,0.5543622516774855
1048860,0.20515440811830687
1467941,0.28953766677442294
1301423,0.8096842595251564
1056020,0.7047284680285265
1052434,0.6700316094883491
1515982,0.06611910665079124
1022585,0.8321417898194847
1390110,0.06330738797035618
1268555,0.973663065073505
1457414,0.6369064043216826
1577617,0.790949225560917
1043179,0.9640462837876472
1050118,0.21229623441178025
951333,0.9423222155161938
993164,0.3892977751955692
1136625,0.28533769266390807
1264504,0.31138570093505935
1208667,0.9792547092208039
1263402,0.9753354627645799
1513055,0.2967040713451983
959251,0.9039717282557646
1542196,0.6003640040794015
1410477,0.8420230407978403
1331701,0.30164639065492505
1087667,0.7553434114006619
1154383,0.8183933101861319
1227283,0.7765690789955011
937991,0.912978138830905
1288760,0.40514960193086047
1255103,0.7898992881528268
997680,0.0759922406588972
1043971,0.48054148789452356
1268223,0.33287850563994426
1220941,0.6225656158667447
1418773,0.5473424304005681
1294897,0.4404185828574403
1003625,0.3701267778443458
1025784,0.3571012146360012
1527474,0.84660001826219
1305617,0.22772731450101347
951701,0.2292824730134042
1410893,0.9545253726704468
1013649,0.17601122682590087
1202946,0.36163717672465767
1294017,0.7809089477308048
1513061,0.07651913683072242
1445727,0.8060035847780191
1062188,0.8143739554811867
1114029,0.1128132557969257
1594666,0.2681686007590409
1545706,0.7006209154726811
1035053,0.7068506162381074
1102271,0.8290939207018427
1083502,0.37303689841128207
1034513,0.04994428859596234
1227779,0.9002015252970252
1478859,0.5805742860558745
1011615,0.7966624365065369
1490448,0.6517484003871215
1268689,0.35189375849427895
1272901,0.3922787564627558
1503018,0.6043776090435191
1215937,0.7383997032471578
1378323,0.04927074373482643
1379314,0.34018244538361675
1387828,0.7133333160975452
1043570,0.9065522131887772
1276536,0.9177496816486674
1231558,0.7101640695987346
1344417,0.2582037319173096
1479198,0.7736965604905653
1463089,0.8403421266432649
1191031,0.6697009095121128
907693,0.851794249616351
982629,0.012616139454315944
1400836,0.5372941064119069
1074570,0.40463432254720866
1462611,0.9965492189122677
1568918,0.11161602940906301
1253296,0.04798999139236604
1277425,0.4884348295078492
1496625,0.3533241604677676
936726,0.14817543863211358
1174612,0.4892992975967676
1064028,0.2104466154812904
1587860,0.6340328744308871
936262,0.3503946125790506
1270013,0.5813029461119585
937965,0.816118677297337
1108852,0.38798450186769295
1307284,0.12382215958229648
1314755,0.5301532818630305
1581259,0.1584566975102033
1462896,0.20666797851106633
1358316,0.3574168333171793
1366890,0.4817148983859131
1516714,0.8753912913429746
1566062,0.02294044479888635
1330691,0.8729471796466645
1447883,0.569516542848156
954714,0.9938274199799535
1439829,0.848904679444551
1255324,0.7440519245550943
1291868,0.7371980393337645
1084536,0.5882350805541448
1036270,0.9222702446929094
978204,0.17740521085988992
917596,0.37599267012159976
957697,0.9342283906160936
1012363,0.10778358887686301
1223564,0.5429006344831218
1176000,0.1318058478002444
1470848,0.5593289327330955
923191,0.5750123244081922
1375273,0.7683054450342975
976635,0.6963514765040779
1096027,0.9895391327020887
1041141,0.4637347106738582
1466854,0.1277056248759485
1043900,0.5960720006592873
1203957,0.05935671400758169
1267671,0.4122774165054124
1108917,0.10420221077810043
1427550,0.24102948320007
958608,0.7895836243203321
1469189,0.086958800960938
1538162,0.07139472916001977
1561235,0.6302843419221408
1537793,0.8334701716928488
1579121,0.7974422180068986
1285526,0.47418670030816346
1280241,0.5285905449342195
1416557,0.0506739780093195
1280337,0.7871045668339411
1248031,0.13724449268582695
939931,0.250869676609227
1391325,0.5645504962078947
1142357,0.003007133875012835
924289,0.6366622017238424
1203201,0.7993653168275414
1374950,0.18776583051540974
1141947,0.5454450995919682
1382736,0.5875378898333683
1165543,0.6012249310063824
1304110,0.7693934834068006
945193,0.7572162369849856
949669,0.13442668680547554
1250962,0.4122083002635102
1467387,0.25001866513045223
1197682,0.23200689661181106
1478938,0.4312008869433056
1187558,0.8286402426294168
1526867,0.7791107131465059
1139055,0.1709334152529225
1151846,0.715383125632123
1174849,0.348467455844504
1508917,0.16223099326207502
924221,0.11511238731086437
1117970,0.3562003845080487
1047418,0.2862346251271737
1455473,0.9796685451953115
1114882,0.5299930291075836
1372806,0.6100215207979388
1026697,0.12119357577414114
920088,0.9491267010580049
1084437,0.9133074087997408
1002926,0.6352707361908612
1253634,0.1470361649920443
915151,0.5700155192476705
1237791,0.2786116807863783
1541865,0.04210937063763054
1050218,0.7147184777553662
1236357,0.10913226762045192
1467385,0.4006849158638557
1282927,0.08985515099881314
919847,0.3507860638803163
1265753,0.485115813682389
1452455,0.3802938525492602
1102288,0.6313904361341212
1362934,0.29882661250636855
1330738,0.27211465517884004
1445880,0.9671080002146552
1468758,0.9362696267473657
948312,0.2574902512813061
952982,0.14406501471668742
1174651,0.7692268585951016
1325794,0.3124045785897932
917861,0.3941261763251157
1161031,0.8993347048537907
1133470,0.5710628642752452
1571639,0.7990329737944093
905007,0.4980410911751695
1000508,0.195318883732313
1449112,0.194422800307663
1147419,0.36144668505734934
1573884,0.052049471383947
1460921,0.8520994014705097
1481009,0.7899164757094701
1249643,0.6227923768915875
1203813,0.7075360690863802
1306821,0.3380511092356696
1019391,0.022935891032341504
1528100,0.6489720633905294
977813,0.44286477485378484
943661,0.4851752323305716
1069929,0.35220120559673407
1518216,0.41782819934958815
1061332,0.5614280942522769
1355655,0.7113137942879351
1379597,0.07495254960064557
924566,0.7294458117656617
1476647,0.08390746577140862
1375871,0.5605235080464102
1237363,0.041216723797073196
1523158,0.015324643546419048
1243192,0.03406644964512584
917294,0.651980772772373
1193664,0.6717526048398859
1361352,0.3937337040625811
1284355,0.8364085537305779
1525995,0.76490790479916
1120444,0.5830928408661399
1451066,0.621863044736497
1121474,0.3849012529879211
924165,0.16540020759696417
1070761,0.812705555004294
914982,0.5484045710116725
1505102,0.7481394799250896
1371482,0.4010777936833322
1134547,0.18588774754094473
1595435,0.11375051378270373
1430310,0.7333491619835587
1380798,0.30051632164345876
1512238,0.052615174706111434
928104,0.9032362473490179
1070391,0.09438585588305848
1281185,0.12787564239164595
981173,0.7437602895449602
1264345,0.4368150376370499
1155950,0.6750161500589608
943735,0.38936177160686625
1166434,0.014748399603624951
1139807,0.38096071736830595
961677,0.6836753180144854
1236025,0.9461449700555664
1077383,0.8657625556831752
950828,0.32311164848348195
1240520,0.27677951652936905
1347296,0.8973371927168802
1433898,0.24098754102433773
1110914,0.6110536412569946
1027252,0.27691135376592135
1463451,0.9982559231501105
1230495,0.8037214026966395
1303795,0.35190288585309615
1305934,0.40542835395625
1076092,0.183812689270634
967514,0.3661643444904227
1523727,0.9614491419384643
1254362,0.5675443670844078
1111392,0.7906256647990318
1321954,0.8860242795918398
1122516,0.6560546193033047
1088235,0.15081622126971672
916506,0.18073269394598368
1270008,0.062098508429641375
1503518,0.9813749194702824
1250820,0.3549456318482559
1242590,0.4066540234555076
1393279,0.05666158331963467
1157489,0.41527156845981084
1528558,0.8958269729224042
1329162,0.7901232302388992
1555683,0.41443269513127756
1163334,0.7845153679888613
1387128,0.3420660198018485
1299638,0.8176609726782315
1066772,0.2811677576510323
1434327,0.24590809233714384
1325372,0.9934329215730404
1139688,0.03353827958585798
1467282,0.5004606602797304
1317722,0.4329620390475789
1002555,0.031346504582450696
1326004,0.9205816993306161
1531247,0.377803171313556
1245149,0.2645133898939852
1229381,0.8068778422195836
1497410,0.1680028466707173
931038,0.3948285700380547
911965,0.7940627581025193
1442044,0.9308067189373076
1195172,0.7612962312697971
1217366,0.7671234225418848
1334886,0.5496919050358193
1055884,0.5393312610536158
1221352,0.9793200994435691
1551137,0.7498164103392123
1058432,0.3236881905437704
945257,0.43483626564408384
1351595,0.26281160104428936
1319523,0.04270064116883443
938887,0.6743424468472862
985047,0.5557383257485984
1297875,0.19822616147879357
1575612,0.8599788452338163
941218,0.2451299533822323
1586908,0.6909760692810034
1194475,0.9528822842157232
1580313,0.6574325002102475
1023659,0.46155184755179013
1307600,0.8378884139809673
1363799,0.5237750557615494
1399656,0.45769574319726924
1149049,0.9661878955097689
978993,0.7749427019187902
1170211,0.8823014799133811
900377,0.024250925867884576
948050,0.25195370222181723
1492939,0.4552084548877888
1085100,0.422628145010575
959273,0.08077664062779866
1147715,0.8078671572418037
1461367,0.47651845772000767
994809,0.7680580055307914
1071945,0.5026515664865173
1090369,0.9899528546009148
1372012,0.3506878957335603
915368,0.14044850291863709
991372,0.048996583271593286
1261154,0.11962628446266399
1461451,0.487346924015309
1384677,0.3905359203486761
1272532,0.5096568726747978
1018193,0.8573731983814689
1387583,0.21961639026879431
1141721,0.8028620586505393
1421652,0.15739179616027743
1324277,0.3062270941132217
1036753,0.9040474003546171
1313993,0.20267257242490733
1346736,0.3621135770220889
1508820,0.017257503491788895
997339,0.18704732852469452
1007223,0.9444615788395367
1579752,0.8805016359185971
1481611,0.2796288771075818
1460719,0.9496185442589467
1239260,0.37323049733824254
1537709,0.29329882550762243
1574265,0.45927885549427083
1182792,0.1122391055544757
1263401,0.8793948326599851
1540574,0.8430592126603368
1099048,0.14983007138271598
1019262,0.8945006479679167
1003426,0.7358361433031094
1295188,0.8665177623395299
1349447,0.04889288916586165
1041903,0.3354208894541666
1087067,0.21894604980629118
1234325,0.41566095745791043
1179528,0.9970349129973364
1398463,0.9285983536412132
1329020,0.9343097639651292
1402400,0.21677155406264437
1008308,0.2683317417728829
1411783,0.3505687845733444
1096871,0.9320153481948363
1301712,0.5546231885316493
1410502,0.29809583067474943
945858,0.28445674482743555
1419727,0.6532085755922903
975335,0.2750287927857815
1135094,0.053898258039338565
1298290,0.5797131885227312
982706,0.08112574811508688
1542004,0.33810595262055776
967340,0.9160550919186178
1536443,0.8186367267393392
914861,0.17806844513538822
1430366,0.9687468922657333
1034491,0.3139556371181492
1350661,0.6338391460043357
1012261,0.5498762123298314
1146308,0.5399591974045851
991215,0.8701746053487542
1342480,0.9529883278867999
1284466,0.4198897891301956
1342540,0.527398026125727
1434025,0.5715086383501413
1395428,0.3711791821701169
1388649,0.803204726098156
949233,0.49880807197989796
1515997,0.0010327600696105055
921752,0.7273526818104057
1075869,0.9109557123130685
1052313,0.30757029030559535
1335740,0.2398245885228406
1593102,0.7366542561377275
1474933,0.4004500334301998
1232439,0.12414895233354639
997488,0.2601094625981937
1311615,0.0033853100881144904
1152986,0.16084440879030493
1242748,0.7730384637422946
1084490,0.7244210551066289
1159364,0.3347027311372477
1063032,0.01172907054675354
1329132,0.8678925278335275
1018426,0.8194776645456138
1462457,0.2713055922656288
1541751,0.6519452267123192
1217559,0.34611670678426965
932745,0.241549800484962
1006576,0.6866204963198739
1147394,0.594621656975728
1107062,0.206878736169389
1149304,0.4709341023874325
1596162,0.3868962752215138
1594991,0.45236901025133414
1540969,0.6426833785823723
1333556,0.16427907214530124
1573427,0.9977359009657256
1591171,0.4212050627215135
983058,0.19226555110633803
1402324,0.9834926297824964
1426185,0.7105238762484523
1132307,0.6695634719979157
1081461,0.47345247129531554
1090674,0.70426054219668
914854,0.0580385267086696
1484328,0.44642779869510707
1395138,0.354279685423997
1015203,0.9246606708288936
1512300,0.5922728692944661
1450768,0.9624489743698552
1506024,0.32735572914064837
1205900,0.5061809552998956
1337104,0.4988892706699577
1006966,0.8129217890253118
923253,0.72188303420781
955498,0.6900869489937882
941440,0.6759701968720736
1308789,0.31856026376369384
1108430,0.5682106798499529
1124597,0.41322757414703903
1547983,0.4344334103516825
940395,0.37084806911413604
1494229,0.3700383274729069
1130931,0.4743935633149612
1246360,0.29512585547795955
1291726,0.9791700405214157
937695,0.11150664606538607
951647,0.9181985765184792
1381344,0.20931290339726583
1464961,0.49266775845760047
1317140,0.3060534524216252
1243939,0.687484791184372
940028,0.30066375291086134
1418810,0.7944668564322113
1569217,0.8768276569548112
1555268,0.8072467376615698
1221727,0.9101923383010299
1237491,0.268036637166042
1165676,0.9955980440142321
1472280,0.3334091714915103
928264,0.15543704055536145
1583962,0.48010126334999914
1568450,0.529786102152665
984518,0.7292932874141367
1490488,0.6082327095668039
1126857,0.7552835135343412
1141336,0.7364078009629031
1060739,0.9812618269242213
906879,0.9817261517147116
1164896,0.6018927283983515
1060578,0.7082136361312182
992761,0.2832719676932177
1562748,0.04248552800511218
1325185,0.10815583082864821
914061,0.6447726774698225
1411888,0.24117719847159858
933669,0.0016687398598885794
1343269,0.716587679036315
1450988,0.5985802637919803
1414965,0.18864185566514657
1233671,0.5619771514637584
934920,0.6221586104438034
1362508,0.9115161011438352
1472760,0.7874878314165368
1581338,0.2263740522350094
1334650,0.20990071062613147
1163164,0.8639810029146323
1064356,0.2914397779983583
1183843,0.5512779732336903
957568,0.06143141053319212
1133914,0.09751715763487134
1563470,0.0440575056920407
1367566,0.6895089105423885
964392,0.3556524884509268
1415298,0.6367577064180545
1472955,0.8781986830220839
1423205,0.11967780537670736
1071671,0.5567759537970898
1021812,0.7879236679199062
1184797,0.24748461980453418
1538846,0.8839693120984967
1180172,0.7459168897467344
1373635,0.32469274982320306
1551697,0.050451644673817686
935825,0.6433603433078912
1183753,0.49440232501089043
1549476,0.2837246469781407
920598,0.5349482222063086
1027294,0.38460582340988725
1445621,0.6501043709909664
1015152,0.047450412479275506
1366033,0.44709812044725383
902708,0.7789464272564006
1386089,0.19380269119067128
972694,0.5013433743584529
1359098,0.6265262196717003
1254391,0.00011841463793071938
999444,0.7111493060416132
1347601,0.05825054539628194
1580851,0.9326630093180768
1205727,0.7243646195364056
1241427,0.6969719943107812
1006974,0.47047540925030384
1470594,0.44303030211686045
1434747,0.7209594752157474
1592709,0.09647504386463479
1476386,0.5612090507952295
1508977,0.8579091302028857
1133393,0.43443682348099566
1081176,0.5621358330030538
1440120,0.6004621899196737
1539103,0.4282985129578476
1165601,0.47392917325794515
1186120,0.3749876221157077
1106153,0.5649252479918903
1458657,0.021311083384240925
1174738,0.25350721220561634
1511068,0.25529915634101996
1298769,0.6306846987282787
1339471,0.38129788343831994
1336622,0.23862590107897752
1408375,0.943837236454373
1486626,0.6076932368729406
1557218,0.8349640394639358
1142427,0.9771172846687508
1219580,0.6658573536067031
1059310,0.7116384887741598
1489436,0.9615254141811717
1174331,0.9845104292071455
1283272,0.5323902167782744
1172811,0.603992799531603
1039665,0.47813906413648866
1496606,0.5284985928846533
1338063,0.30763023682732427
1254176,0.7227263652132155
1399237,0.45958785620680154
1538894,0.8661496834429351
1424727,0.1624814837966596
1280718,0.35928748172230107
1012443,0.8134548259852622
1515900,0.5672540623196615
1539498,0.2837207494447598
1113183,0.5458589812761365
1369890,0.2768259690502384
1087323,0.6969883260465767
1096802,0.684028913975618
1239139,0.21255409195716413
1426451,0.9458960958931735
1057219,0.1364854205726881
1260942,0.05391978509996498
1217117,0.5292231547471347
1469410,0.8533633506744926
1121825,0.9139940511235277
1204680,0.6723911728845333
1075029,0.21404961050845184
1147351,0.6661434344136002
1525267,0.21586988557192255
1530330,0.12265261230619795
966613,0.3939967609811452
1099932,0.34904442662572166
1399152,0.6410178051072745
1071160,0.76734947000447
1592808,0.0617501525618519
906998,0.9084225634831264
1345883,0.5424365610404366
978274,0.48866216395398543
930350,0.7699789702435587
1451930,0.8428825041955049
1164871,0.09760590765832111
1455504,0.659481148586345
1346893,0.0880022828213346
1075054,0.7395944204558358
1478757,0.6261648594992338
1083456,0.22693002928357642
1208284,0.8207689651824418
1280561,0.21585597242976007
1394779,0.004982064692678034
1197459,0.22219701318994534
1462480,0.44560945477788905
1014237,0.7108052178939841
1232659,0.7326483836115592
1111783,0.21215338958217567
1310370,0.20218594741453055
1063195,0.7254286343839449
1477269,0.14217756126932002
964514,0.15397474852729298
953666,0.6033892125501178
1052584,0.46217629427972096
1491898,0.8992467155927111
1491075,0.6231291463246436
1282081,0.41904077780723703
1462235,0.3808931020623244
916225,0.7544995825864724
1562425,0.7897715395559983
946794,0.21464179833974495
955520,0.563638838847935
1357026,0.33963747271918676
1159774,0.8317386304270292
1265027,0.8668557647575607
1501238,0.4417034474616175
1505505,0.6218191662876582
910621,0.9412311955974026
1314470,0.8295169270382539
1104200,0.9146440532683192
1040785,0.5890215171698975
1316081,0.7316371433338255
1555469,0.7410748815232022
1072889,0.4543759880756285
1338964,0.1198196248359078
1405230,0.43153161076799373
1154015,0.27469237408974667
1432952,0.6113560283790543
1025404,0.4949755410484553
1103784,0.6080122447947515
1384111,0.12835830543880244
1318275,0.7693962096681309
1517639,0.07755345358349519
1279272,0.5314237031265929
1132777,0.08522037638155577
1566640,0.9973444309493499
1115021,0.9600645940541562
1140626,0.29143580778839207
1170335,0.7922178420010557
929294,0.17575885971421445
936074,0.42455139477890613
1038536,0.8058219540887236
1286550,0.5973187541484293
1101277,0.5353403451100336
1290583,0.1838269616168018
1182603,0.19833671751751858
1520601,0.2963366512491268
1562705,0.14923989330461762
1180672,0.22509244176059973
1039843,0.09804746335417436
1206347,0.950834466993157
1159253,0.5270755891107451
966112,0.7267698311497148
1351694,0.0043828902976980055
1176713,0.6087504486685279
953418,0.01808093636911612
1012635,0.039743444128994776
1543896,0.4643522077400106
1223347,0.7077148889142041
1338857,0.6027189953982717
1070549,0.7459376745932382
1546873,0.15413774862955387
1552597,0.3399684575229698
1130597,0.8463661209595738
1268390,0.004642225802322764
964485,0.46355141047342674
1588856,0.5369435326411859
915922,0.522961025208598
1482239,0.6927731874117589
1058494,0.8792614056422665
1321638,0.4680035031436026
1293925,0.9933554919951191
1025576,0.5638624858706238
1566976,0.8281842325645566
1482955,0.4351542764596762
1563734,0.6679022250475357
1254095,0.10709174145869371
1474451,0.9670306104055505
1065133,0.2598518721386982
1528272,0.1544740815989376
1156876,0.3999720819479482
1039467,0.1978273493492101
1277358,0.83181449600464
1466541,0.5418231781885942
1250627,0.936489018412769
1320367,0.13935731369584914
1583951,0.405428229809466
1437788,0.6515453551279379
1500454,0.40382249249803737
1374219,0.5645990930551176
1275217,0.45524791359267536
1074822,0.99640205902937
919952,0.8468617061880397
1251094,0.48465854083546467
1254048,0.4502748267835983
1277451,0.2594777156069521
1113229,0.4118257492795022
978941,0.640544127997967
1041946,0.530962656027683
1179889,0.8704290578012623
1228602,0.20938845120573413
1071915,0.04351859566413696
927855,0.6338012879691943
1513362,0.4974607347398996
953404,0.07439176715244389
1517625,0.649666773832065
1460812,0.36177089496093306
1052596,0.5305930175467586
1314220,0.7150313312494672
1225831,0.7551432797907074
1077971,0.7667722713627364
1213708,0.00436853487937594
1141789,0.043144156114376386
1105508,0.643744310934292
1017158,0.9340648906444329
1098716,0.9452550917266124
1121837,0.8058213496106026
1284001,0.07943123511404948
1209517,0.8070326320909851
998358,0.08471277725303383
1576978,0.23038190881869391
936648,0.7992502797111833
1092313,0.9435149443400142
1507327,0.3391558863582663
1481540,0.22405040565635215
1154728,0.3546231257354877
1502277,0.9657813708236233
1022553,0.7804261558195095
1039434,0.8988127465278334
1355090,0.3286580996269378
1122951,0.14499557447781974
1494435,0.8522102604217319
1153329,0.5068531084705011
1493575,0.6570562808805314
1223739,0.06294072121452776
1449705,0.9253737402602272
956163,0.8678198574657312
994039,0.6613217795079483
1352068,0.5128475392979415
1511291,0.5615499229375305
1470492,0.6609059332022171
1570692,0.7186505822445836
1080541,0.4565875043620059
1545313,0.7193010062434825
1062321,0.29243252320525304
1256475,0.244547481158775
929750,0.93033985256399
1062429,0.17802836920438214
1450414,0.9415688092537615
1131046,0.7383075048174991
1598458,0.7926023572003073
1308131,0.08324987531223327
1026146,0.5245318113122346
965849,0.5265463130128198
985327,0.8437486509436077
1324442,0.39074019836561324
1562641,0.14025183728456814
1013014,0.3186907863879569
949694,0.859317253350245
1422328,0.33669315002954536
1529025,0.3536540757977069
1165726,0.5241498119709759
1141224,0.817944654648151
1310253,0.44940470524235554
1434573,0.20749337093219744
1428977,0.410205716373228
1569073,0.08396692531189309
1025382,0.6729858105185381
1244036,0.022307679406008085
1363662,0.7484156897153827
1066606,0.546831993627382
1210456,0.5896843527656567
1275825,0.2524858818873045
1149743,0.8554401857565913
1320681,0.7270881917526283
1150074,0.7495049125570462
1010280,0.836082668696625
1155895,0.9528463122283392
946770,0.3798144519937794
1423885,0.5022298695407805
996251,0.7077630935363595
1319435,0.9691648959704676
1393225,0.9633317123180748
1393484,0.45965961414324896
1384349,0.1474027868411104
1333066,0.3240411919756766
1107040,0.4928461530532554
1071894,0.5216502883563304
1418069,0.228570796709904
982530,0.5563460377729781
1159868,0.15136256697345707
1185687,0.7828429917090819
1448837,0.4061692255255175
1110471,0.4502920416698991
1173367,0.33243034845214725
1057114,0.961066635113802
1113547,0.8306818497564568
1438759,0.1324640558059491
1407398,0.004751929685569145
1407449,0.14156224582490617
943190,0.7526699399262136
1240959,0.3953545899136953
1589298,0.974427230013059
1172247,0.07884457855062088
1010100,0.8185976396811236
1193100,0.7485161506186923
1079348,0.12983202460432863
1247388,0.15189658549888618
1550003,0.6451155129788573
1379850,0.8487796864728776
1104251,0.35342922022448664
1368729,0.9555018171001003
1353767,0.47838013096846055
1324706,0.5975108526167769
1031885,0.0868435724963027
1201282,0.3924261222728165
1560838,0.809237071272696
1343901,0.882782842952391
1189695,0.5523491346804517
1057377,0.4057725672977037
1018898,0.18732848863089713
1188861,0.4665663720929173
1233083,0.46651880435232107
1436331,0.8435697890265632
967293,0.7298905349010308
1111972,0.204688862585789
1178752,0.6411776794098392
1539892,0.22698652221828186
1354635,0.18658433114538286
990126,0.6420555138052656
1093864,0.8862338528178025
1171955,0.8073381918818376
1404991,0.34164132337776343
1063514,0.6893782057774384
1015744,0.9183814261836312
1171290,0.5062840815802205
1429457,0.6535166683715424
1222813,0.06786050144920996
1188915,0.038468727603271136
1286346,0.16304323792053765
1253845,0.5926634462465715
1298264,0.19144379421051705
915671,0.09930920272086385
1463192,0.17039897410300398
912954,0.07838090444721069
1416203,0.9627291311710526
1001704,0.4158589003126971
1241060,0.7612599643451926
914989,0.9386080364253908
1017989,0.574043825400454
1009251,0.7991299665515251
1409971,0.1687753031380308
1517082,0.10991057707299445
1098012,0.5712463744650518
1550248,0.7298774124957588
1515473,0.0712226760299709
1337761,0.1667542039947254
1591701,0.7187171206912578
1497151,0.29786356247759616
1140149,0.595382041356525
1359840,0.8710076522411841
1081277,0.7795056951124637
1133820,0.42568364389783897
1083589,0.7139911961297372
1052338,0.38520760051710645
1142319,0.9728810172964558
1423927,0.5951944947442681
1565304,0.7293254687677393
1357809,0.9609463928570069
1110006,0.15023615522955147
1203730,0.7478659746206768
1528815,0.29889557566540104
1273399,0.154516867020266
1309039,0.9282990544466173
1245311,0.09140514979866432
1439711,0.056820326494277595
1165627,0.4249071775385411
1580970,0.39465197009145625
1461849,0.6369805790098709
1087795,0.5707653073274552
1070109,0.5969926044074453
1089311,0.3209262493370164
1570901,0.16087714295847422
1372401,0.9416376595483735
1408345,0.5818155693384078
1539999,0.15774917420751278
1369522,0.27338178266790014
1555331,0.32033326435442755
1321154,0.3046877413031419
1041361,0.5782279195507352
930174,0.3340071578799113
1303146,0.2923591529896944
1546922,0.01829504337637977
1026271,0.7804135601675941
1016577,0.5597106387192214
1448481,0.49141684873998337
950610,0.7382793080499801
1201618,0.9045611142866332
926788,0.9588984374792788
1570351,0.4052696673849727
953703,0.158868724916007
999622,0.0010508311108500257
1194932,0.4095679717270089
952685,0.5231357541030753
1555183,0.8631331264086778
1217511,0.7483153982352743
1555808,0.79036048158882
1552708,0.06711908456103999
1302067,0.9398243715824539
1441353,0.8060715368618726
1325543,0.498825902721157
1351035,0.14207873010542849
1457446,0.6673837374691202
1466065,0.2869327825324468
1350095,0.9323205089825413
1530973,0.279793311101144
1497724,0.23540595173403733
951085,0.7082088575392527
1412826,0.35169975684839827
1556119,0.6848811997369812
1384978,0.17141067841101498
1206067,0.39349343282524496
1599198,0.5386743941919453
1367451,0.5484465577748439
1464036,0.9220918799380667
1552121,0.257285201865479
1017837,0.6462973315482153
1370748,0.7950128700599448
941461,0.5811311312041822
1290072,0.7874811646076854
1175007,0.35055288046439825
983780,0.677746511687384
1274970,0.07677004531456721
1018202,0.4857482762670938
1476370,0.44268936758366884
1302915,0.6365097527949521
1271689,0.15575383939817
1096911,0.0959762733651961
1015208,0.745099071568792
1175258,0.9859189415447515
1389337,0.46335367829678076
1062268,0.08742952931601311
1340257,0.07617182469983774
1275922,0.3761797847345315
1329964,0.7948987253971608
1230554,0.8045814499382831
1323926,0.2715811592831414
1469094,0.4821505439859194
1037790,0.12502464730747476
1262604,0.38517971413490715
1196201,0.35504166430685413
1347969,0.7970279179940902
928282,0.2515646542743404
1041630,0.004711315801444904
1574845,0.10002168527519062
931827,0.36115536128470127
1118024,0.19775362114078832
1143294,0.39815206974089035
1260170,0.03916001437348371
1014193,0.9899011022411427
1114056,0.2549918898884814
906689,0.2436872632066336
1067786,0.6180740074616448
1525727,0.03182601372134808
1270011,0.8710694033440501
949151,0.6747212460341842
1303556,0.523070296897147
1497070,0.512116966209587
1506413,0.3094884992703425
1455688,0.4550916065479743
1518393,0.5905776581832979
1485606,0.5956760386225277
923669,0.5628766628307862
1035650,0.014175564050679879
1464382,0.5114979438015674
1433744,0.9108015473789176
1580701,0.0265957483031648
1545798,0.10249376631247664
1457679,0.003052805429851313
1074388,0.5496423859258344
1173783,0.7040683828552607
1177174,0.0033709750978254682
1000652,0.21796897997223308
1562505,0.45917535145948374
1495253,0.09401887898495531
1488869,0.05850347692597446
1375741,0.9548453259628022
1133643,0.9064162443146423
1278238,0.25600008660358153
1110560,0.8815058708258454
1348846,0.9820930746212938
934681,0.527616732162636
1591827,0.48755429534571215
958578,0.09556106081007743
917959,0.9175506429511826
1083549,0.7992380655013315
1243081,0.14855398527012798
1210125,0.17327413052756035
1258492,0.8693378249540717
972882,0.37872524841817323
1168338,0.9336286574769583
1062039,0.517559082872264
1035737,0.015284666809177172
1280441,0.8655583298447247
1535528,0.2652046460030474
1396725,0.29784262008396845
922538,0.9333080824767411
1423569,0.16950591054366504
930800,0.716150459046203
1129846,0.8332950451711327
1420405,0.5572312266915841
924472,0.9314925580080823
1449698,0.3789288260441057
1287888,0.38166784514936714
998613,0.5865897746314711
1184577,0.44462933577015495
1405104,0.5403743981281297
1467566,0.10257896868161542
915190,0.06508509786667904
1300442,0.09268112547238405
1080711,0.7328046754691313
977686,0.746220073448775
927687,0.7409999662912661
1083329,0.8247699543337107
1197630,0.4806671851169454
1509592,0.047369856593643345
988354,0.4174598459340635
1539918,0.6709083194383814
1010367,0.47175828294032285
1493914,0.08037550349196199
1405319,0.5587923027424851
1001500,0.5567270855861411
912425,0.2663986385533835
1084229,0.7440291989548186
1550267,0.0637313425592757
1088260,0.5873903119221696
1384983,0.0826388912754149
923926,0.350812633211264
1168632,0.983789082660812
910531,0.2797314606446992
1046527,0.5789416944263919
1595681,0.04192611541867275
1244586,0.1078688527665117
1119395,0.9219448212178939
1438261,0.9794328956699268
976210,0.5508003661047501
915003,0.2990077453325234
1338676,0.014375438126931539
1294344,0.602841117886703
1340394,0.47753902350108346
1369870,0.45841729255192554
1448748,0.5028353692341883
1440128,0.5331265841942878
1024360,0.046105371970845854
1011018,0.6903738599785394
1121461,0.31049922978583855
1583856,0.6267599761390775
1345120,0.6343725378400822
1193592,0.17424028227790356
1478294,0.6328271171136791
1285688,0.9292098058868278
1085415,0.9409704322979738
1493778,0.4426055672746434
1128822,0.07202045314849959
1041225,0.3011967778551259
959195,0.16789878881573483
1202457,0.9738545084535843
950490,0.5403654563255521
1312145,0.4946582182471183
1156583,0.7708299025280827
1583619,0.4298023000904342
914653,0.24856691870127767
1226995,0.12066674146001222
1280403,0.7675432780403387
955813,0.6257180744264581
1423281,0.49289939443192776
996721,0.5906044262090513
969176,0.2920352081556381
1493314,0.13338635747545513
1566245,0.9664093579239759
1186011,0.1309581877164595
1389010,0.6799341642511004
1111982,0.8484376551301892
984285,0.8109872514689324
1529682,0.6423952101634961
1291295,0.6810560132292822
1503342,0.016168758301203123
979811,0.3983524785757807
1073904,0.854001188040276
1404034,0.09071899867223543
1452349,0.0359635615457804
997371,0.7203114082214706
1095044,0.6094078613532605
1465309,0.3338698695202087
1077504,0.8953419843654135
1036551,0.2159791994065816
1575410,0.27497381288525513
920096,0.41870473752765824
1585672,0.5884704101844976
995345,0.3385248349026101
1009231,0.2546900848332614
1071851,0.6808313492369138
1117003,0.05716138156889827
928732,0.21632033630017344
1259311,0.6626556608068687
1563255,0.07407634189306811
1273013,0.6917574995893847
1264394,0.2390184163448249
1411667,0.7899281528935439
1486768,0.9781835660275993
1452552,0.30166662528294197
981654,0.8742749100710435
1564652,0.2714112311669913
1302221,0.032697742608170266
918588,0.910218629537899
1099305,0.9777705276318155
1545087,0.9192256369448648
1351084,0.5525867311209464
1494898,0.10471832167681483
1375908,0.695666792100621
1133290,0.34491804701160467
1569588,0.9303891861934824
1227356,0.656926992529811
1155865,0.280683681973965
1090150,0.22748042415326486
915891,0.04305980047161806
1498165,0.524381880822717
1289504,0.953145623862651
1460944,0.663267643103166
1545449,0.5918422825096517
1078581,0.7407744250868432
1485487,0.10151606376670064
1341549,0.8876931162663134
1443464,0.8537795214672729
1509307,0.42294892177255416
1114406,0.4622846764578633
1435647,0.5524751484656294
1173484,0.06038136206481204
933199,0.8428105351291452
928599,0.001437455259211462
959038,0.9672611882143913
1493832,0.3872517193212611
1399092,0.011579436294207102
1413040,0.6539473807327257
1010071,0.6398430955875392
1379259,0.6296850027203525
1449733,0.8695749955603385
1021793,0.3055094721988383
1144817,0.03006207658922655
1520733,0.45844076602525463
1178391,0.30695992542063244
1187902,0.7220025045502987
1377866,0.43076318160432514
1267662,0.0643679040126851
905273,0.0776122966730296
918494,0.890376763874106
1143580,0.3844335038287999
1584425,0.48263862783538125
1014021,0.2431033488554244
1535045,0.22724577100461463
1321921,0.9052239241675624
1205306,0.06573432320025929
1259465,0.7733497911284654
945986,0.8233309551603116
1174451,0.3216187385588437
979416,0.46189256047145977
1358540,0.4606191988664561
1447003,0.04912436205076387
1399836,0.06905304957154446
947494,0.6725124546410207
982226,0.24662150474558986
1123633,0.6194008288429105
1565443,0.612110112498623
1320662,0.2694352615112705
1210516,0.6063757102541553
1098456,0.8947186408707429
1163253,0.9473345708869805
923965,0.012485721941239425
1076047,0.37875474950748933
1244986,0.16983370226388383
928898,0.5927253825486657
1049950,0.25589754298761724
1431610,0.731885281833581
1386925,0.6794537136692325
1060075,0.3436643267778329
1325815,0.25694682941296676
978507,0.6329675168975396
1408972,0.35168150615672034
1568604,0.7781796945306941
1135289,0.7632560990518371
1235802,0.28876070339834625
1291916,0.3037945798231102
1393314,0.8948393510655674
1395290,0.5672960213918319
1475546,0.683091082351269
977169,0.8352374532315681
1261206,0.8429222346777038
1565766,0.9744258575468352
989637,0.05057905017678466
1376571,0.019285273360627242
1175324,0.30843073034741353
1201502,0.32804165240215855
1317997,0.24837027948712098
1409773,0.9882105648545761
1525118,0.18606041986714572
1465207,0.9659527056607231
1408797,0.8922463085908371
1010662,0.3017937969540395
1076852,0.15578167343232263
942107,0.4189344264326842
1215443,0.18218371163703673
973863,0.6719620295028546
1497779,0.937014107293386
1046109,0.14635009910968466
1585492,0.8150520277883045
1451816,0.7164564268353469
990220,0.29988247922835787
1510029,0.9483640907524734
1356614,0.44643101066429947
1069823,0.3934739501379523
1529606,0.8522132724620496
1340902,0.7347316224094085
1469402,0.340661194326622
1189731,0.35709099462911953
1304040,0.8987645382135427
1057971,0.14091700213657588
1556638,0.5341088413619268
1330815,0.07184542303142927
1226646,0.1897761319656761
1574190,0.8763941595670895
1042597,0.05441461439780226
964968,0.9057873600280066
1563817,0.6834503315547621
1347787,0.5913834094876413
1521740,0.9782206210196608
1452650,0.5633154897532294
929503,0.06374515638073519
1479481,0.5397949063363946
1584498,0.16410774583946086
1505980,0.21016805138581807
1060736,0.11369362633230706
1558750,0.8199833030859459
1492569,0.3189921027328232
1167062,0.9769163832605082
1495233,0.13145302077054377
1410962,0.5361382168517076
1177438,0.6199262822679166
1235490,0.8398683532470731
1190827,0.7834586410471488
1324126,0.060448279509170644
1431175,0.003049288783628201
920093,0.11405406995979284
1196620,0.556666098679944
1284684,0.32352039559829093
1321812,0.5444678858900464
1505912,0.1807375517271963
1371979,0.04704138956685433
992582,0.285884013625031
1009067,0.1280996808858923
1470066,0.18398289003708135
1035348,0.95220595939472
1068851,0.6225884722830434
1149686,0.3661103673360363
1165413,0.9171478201221356
1128280,0.9063968882783927
1135705,0.8040464110685569
1416439,0.7887161955811688
1184942,0.8341451219901233
1481833,0.7103961375638771
1087105,0.3076014413777297
1200090,0.21602270066087392
1303140,0.24562488472388544
1434649,0.4137616189433121
1119412,0.9389727521361039
1185814,0.17316194733056844
1126167,0.7030254403596911
1459607,0.5608650627033159
1118712,0.6560321436365162
909245,0.21727493596374303
1213472,0.8384593058056463
1143351,0.2923812813810831
913348,0.23427735598342236
1358590,0.058851180437439865
1409221,0.07569243849419371
1311383,0.7162982249876279
1531708,0.25149664453405063
1531116,0.8079483385212693
1538426,0.592130776819055
1159179,0.37926867954658505
1563673,0.2505463523292695
918007,0.5659885809260711
990835,0.7896565919744393
1158097,0.5952225853691359
1512237,0.09799193871388723
1422366,0.5717105635759959
1310055,0.722835697733822
1199929,0.800990528433488
1086248,0.9395668624992368
1127472,0.5786373521163478
1152596,0.838362841421777
1090600,0.6189983882518453
1356382,0.7052077136197009
1054396,0.7322036498681014
1379225,0.9207761425976663
1595712,0.667814249416781
1576361,0.4851180113028909
1304349,0.12344473804692446
1014999,0.3017783422184732
1237344,0.5760807455004363
1179559,0.2839144995893922
1024138,0.2649706267917893
1191245,0.44873219228310113
1044544,0.3621627615306128
1221924,0.04060183315205168
1117344,0.3242638443529413
1435559,0.09595953690229009
1440593,0.9964313067979333
1448987,0.5701387557250979
1322968,0.20895720692153075
1542371,0.8229170332968827
963605,0.668890399149468
1327138,0.20992788131426998
1360973,0.7599147047738636
1463852,0.7654094336278197
1548674,0.4630461686110169
1494125,0.3732752259642519
1021800,0.5800183376346019
1443465,0.7563158387338734
1253722,0.011264534919463887
1204528,0.4795224086106369
1433618,0.48568934170260103
1296232,0.28198890988200365
1587563,0.3063335887235733
1024259,0.09619845000131388
1120235,0.8508558891510324
1458886,0.8428567195381591
1286748,0.08564154365661902
1312428,0.7607173147912193
993325,0.20930626812606556
960325,0.039793046096166296
1284894,0.9172666927379421
1551455,0.962694455941747
992762,0.4898558109316602
1550781,0.8667077642011747
1027703,0.2681406870824121
1189397,0.17409243366454885
1525191,0.2994419483869837
1192126,0.34546427133125635
1397823,0.8188410430925134
1030172,0.1495240156076474
1464670,0.5509344848696981
1316201,0.5446240066921721
954530,0.2800827489851093
1098388,0.850084968070994
1225164,0.30073840639148697
915231,0.668550761957494
1338727,0.3585574880176019
1310120,0.29317429454304433
1554428,0.7432380865446899
1505021,0.6147508602847604
1537174,0.2736880253952171
1385991,0.00042803142241298886
1335211,0.39545320247269344
922714,0.15112290704267728
1066819,0.8526050629432366
1014687,0.6513147067626909
1159608,0.18057123618941506
1452676,0.14630356607869288
1426907,0.9583429647248791
1063093,0.9008879575835467
1564384,0.4588041659642831
958337,0.6322580716795
1433432,0.7962711391584028
1561059,0.6205902896136783
1110417,0.801053819375164
1567581,0.8430895374239991
1313819,0.9206095328210443
1309534,0.9025405527873508
1027002,0.5380868252244799
982975,0.3380933969764681
1484248,0.23793217174636183
1099556,0.36443148779106815
1506313,0.37959886747448246
926328,0.6299601149405157
1291791,0.24828128332268917
1184813,0.5893912307497392
1587178,0.41096222215878
1054387,0.19777973004361682
1068475,0.29875019201332687
1279650,0.2523629198521281
1233931,0.05927339506782514
1195225,0.34018579342651145
1310222,0.8327628431160158
1157817,0.8547366583058807
1418001,0.6339098050000639
1107536,0.7341335025018859
1309764,0.12578921689279032
1437601,0.99652316971482
1397186,0.23262867983348445
1116612,0.5260406799515488
1339112,0.25793990908741316
1131559,0.7315799371114575
1438767,0.02897491443594591
948163,0.3516709463996771
1446836,0.5369786646603756
946819,0.6117300355193553
1429106,0.623067386461794
1549813,0.7219928315952296
1366092,0.5500749378874895
1207270,0.025678813517663546
999715,0.37655983394054204
1285232,0.09349983925836836
1103280,0.7313617290872378
1382391,0.7910587527563935
902396,0.8998410641909422
1426275,0.8715044883243964
1430843,0.4244412999664391
1390459,0.8231822797104857
1143477,0.020635622184554392
1009390,0.4073430750815129
1545691,0.8528877540788511
1434765,0.15650063668519187
1232869,0.3283149788029942
1083912,0.2348407901537175
1296758,0.8008323599687116
1110776,0.5150542484636236
1469290,0.8515298973430725
1450002,0.5565005777980725
1070452,0.9493804116870418
946490,0.889009688829914
960201,0.6396090584918186
1322586,0.6761708790673425
1053631,0.8892417479629775
1206561,0.6914614841573934
1239196,0.23866595712696592
1081763,0.07420501093123943
1269933,0.749277767049715
1114228,0.5036963957174684
997133,0.9295299548931331
1300416,0.804774006037654
1537054,0.11665570075213294
1103204,0.4125707796945116
1215105,0.7683116993346842
1181214,0.610746222244807
1363568,0.2689125649513212
1530884,0.8866236415729045
1398114,0.7698947148383536
1581124,0.6781993587024484
1549886,0.5972223853392721
1473470,0.3325820673841373
1127365,0.42945817420089183
1526757,0.26975981418379236
1484989,0.2607804578518528
1408803,0.29750369239963337
1445480,0.41111427207929296
1024636,0.13556693286066135
1028590,0.7164363161858484
1103593,0.4778787810424785
1467819,0.9208849660800523
946008,0.7189211713697169
1010271,0.5940048951518228
1296828,0.5096465104795076
1559630,0.9537925156342917
1225420,0.5937970213978337
1008734,0.7505645022398109
963431,0.7246453941691471
1162722,0.8537319883681138
1583744,0.9338536297098737
1559418,0.41072472794611203
1137929,0.6918358474693355
1267957,0.9053461439707924
1427728,0.8614951727160559
1474129,0.0012744032583783538
1427449,0.12712061816694176
994220,0.606535152698652
1129560,0.20663166919496145
1201497,0.25796233135434965
1349277,0.04981668058051669
1065609,0.7202140885270455
1217215,0.7924709323232384
954374,0.5535039984515264
1123806,0.3740378868642372
1011222,0.2508582771730513
1260849,0.3722670549851057
1354727,0.4413390193714767
948676,0.505621736649366
956246,0.6870455770535
1123876,0.9603079854619705
1057546,0.9044040976319757
1165037,0.3429758991364791
1385253,0.20128687567568626
1177431,0.15815928860588147
1251849,0.7650226657042287
1139387,0.7211619883916017
1417050,0.48331829138417215
1233847,0.36601242119955757
1215192,0.9131551627987888
906839,0.35529831163311265
1162894,0.7019669519293789
1554633,0.7470634229188353
963338,0.11430763615681705
994225,0.7345542846500156
1052965,0.24516198283306412
1025963,0.506922032268975
1493714,0.7959543173095441
1039799,0.207210654300096
1050505,0.79595972126729
1214310,0.8714171532754176
1053750,0.3545090394444871
1032800,0.7434757477173836
1048755,0.21068205716451582
1284913,0.7252172507500608
923193,0.5919964207274122
1443450,0.6190108066895142
1298540,0.10466193647741506
1286902,0.6793831614858116
1513830,0.11325868269938699
1007977,0.3876992410903983
1020553,0.5831852324127405
1536857,0.508807466721547
1013326,0.12530129157578618
1472570,0.20823999506983648
1251148,0.34095129781469513
1318847,0.8179297819127009
1227393,0.822446788903783
1417819,0.9426619608892045
1567193,0.26404242974144
1396100,0.06049863367488062
1535105,0.9176909110602018
1248510,0.5940192887031822
1387848,0.0664669882483262
1317545,0.1086158604048042
1193731,0.07230172433867343
1009456,0.2009586970455911
1111250,0.6524340022199997
1517362,0.43486177647233326
1135326,0.13230666418227477
1201681,0.6723449120567517
1304011,0.15942970525948075
1046258,0.646749913109719
945079,0.6989486797853763
1381480,0.5468705332931045
1520757,0.26150947062690444
936863,0.03429220358362506
1442451,0.6058257744117599
1593299,0.21239985745774947
1549815,0.8445377342180329
1262349,0.7969396139046723
1193549,0.19070971481536392
1279411,0.34728649631446473
1279595,0.16917191834696543
1045235,0.9669991665741978
1263177,0.23753943709123193
1566576,0.832476999904536
1020011,0.7603618457040761
962737,0.7420668010134732
1392968,0.3030664589173274
1100293,0.7689057909702792
1042699,0.18521019354412982
972869,0.9059220719002025
1246323,0.9427441711902408
1376095,0.04796955707737838
1254524,0.894861662765866
1235215,0.5785774051088105
949055,0.7757028429312308
1469655,0.5542719446850886
1385070,0.9719659671813856
1138679,0.029855215220741083
1111700,0.8437647113280257
1216224,0.44082470814523433
1140500,0.9925661047494782
948898,0.7290087148359844
1596898,0.37831515920605185
924867,0.23840267445965546
1362312,0.1397869053166031
1202920,0.43467029586705996
1246544,0.015304793722893062
1200603,0.2858387876301468
1451805,0.6856923096813086
1453863,0.8286820753275662
1209274,0.11642530646967852
1267255,0.4867463204679896
1588789,0.3912741833250458
1461370,0.09591285043903164
935417,0.9241523866567983
1172868,0.3403041968959194
1065121,0.7176196067576757
1125515,0.316661266959963
1572136,0.01076042966208246
1557424,0.34368537107425723
1257160,0.11956697762197455
1415071,0.5498388258607754
1044988,0.45463297421761095
1040653,0.1496153231890467
1487527,0.0809283232636464
1054316,0.17343831377739538
921963,0.29865132011108086
1171665,0.09576537317267297
1361356,0.3524867340691519
1512329,0.21159294365238668
971833,0.41302731416857585
1184450,0.04866713897792996
1574978,0.13761991581347088
1003716,0.2934084022093285
1208850,0.1800610437484531
1488904,0.40153641408893903
1284751,0.9946574148014027
1054381,0.6513106686138085
1042607,0.9292799435278624
1290741,0.3275572932795211
1004897,0.1084185531841787
989180,0.07557848958554791
1218604,0.023317648655390433
1378300,0.2949415470886404
1092342,0.5030011144123522
1361524,0.02331156243231336
1521212,0.8096429212750881
1398877,0.6250698259501937
1157786,0.08236397219993241
1226021,0.20729030366914047
952080,0.2810867045003205
1422702,0.6790101946468107
1454037,0.6730841223029165
1425811,0.994461546898529
1086360,0.3440425428415257
1369371,0.14205077409057454
1364006,0.6529092975237741
1155242,0.8814300354548708
1084196,0.6395459913968505
930874,0.8430787825442146
1161799,0.0699218790759758
1594549,0.20986495642333447
1301240,0.1811385990070138
1378675,0.08618997091275393
1560535,0.30144484107320724
1268474,0.7207943361025527
1506622,0.6281081625409488
1428705,0.023957362515296232
1413429,0.43654637188425616
1538848,0.9075914102043029
1460373,0.10215885230949173
1297696,0.3797081731299079
1427650,0.30995403421973233
1120358,0.49164199209514525
969095,0.9571471750174386
1313351,0.40926712741477067
1184005,0.8244672083152121
946699,0.6128591055814935
1247086,0.6306038802589546
1401898,0.9455829422467885
1368608,0.30487399775881274
1490220,0.15344130516156274
1299688,0.16943567507149215
1127068,0.8361296007492784
1071783,0.7235282117728631
1054907,0.23569127682327495
1213008,0.1334107303427453
1162510,0.3202511320446493
1203467,0.01875223181050789
952183,0.6806640209274288
1146262,0.5230777421728795
1449038,0.00827592078396655
1028542,0.28103792903982405
1309761,0.6309718327448275
930946,0.9050332323778952
1464247,0.1451656984326235
1035784,0.3558569181500634
1125620,0.46527694866246694
1430245,0.2840938618718948
1242079,0.3949853317925147
1332431,0.46964612177076737
1367632,0.0348055790965589
916799,0.466999268384813
1112942,0.9551045190598358
1533084,0.16257726784174154
1140820,0.9912260735756075
1172567,0.5694369677338349
1462255,0.1119182365347221
1115871,0.012397797696470203
1533277,0.6691008170363699
1086641,0.33399121318657665
1553501,0.304265586459151
982374,0.02504182775021746
1216068,0.03870446496555324
945782,0.24291755594319975
1307323,0.35358541149174316
1571336,0.7551389833155668
1336736,0.9526740303489758
1105505,0.6289586987959402
910703,0.8870710454980341
1405170,0.8968864622406993
1041179,0.9767431964839066
1334164,0.31381036235369675
1495447,0.1620588136670772
1231579,0.24380052945706798
1143525,0.5749990976173103
1291178,0.004821573761480624
1049636,0.24366609206510625
1256102,0.32338691511159046
1154392,0.431741872228695
1061437,0.5669618284869422
1156252,0.3262971429248902
1293557,0.6282825362571574
1287639,0.4874167123188725
1198276,0.9885929107691155
1313213,0.06094796788698453
982368,0.15598633149089625
1555261,0.8181339999910786
992075,0.7092270432279991
1501395,0.9653162399222552
1240570,0.560836988379125
1359472,0.9529012762127218
1510977,0.0014090375397418642
1055876,0.2700188488605333
1381384,0.162034708258875
1547109,0.7323932259277826
933877,0.9216331960387234
1398576,0.3918534760003545
1119914,0.5338642305186001
929279,0.15258897700510465
1159855,0.4175107430181695
976139,0.30360908585534274
1109557,0.30856063823075375
1230382,0.5347569446210452
1082929,0.6110807449848437
1469882,0.43263865462939677
1015104,0.8609230511508754
1121682,0.5964782241529175
1354956,0.4501135734796772
1589795,0.4015311102902228
1163348,0.018521127623747802
1595811,0.03380849322067059
1096608,0.01052233300799088
1093543,0.9326602184275635
1555335,0.12514218886764805
1302499,0.6536289385117646
1520203,0.8209161016927298
1534018,0.6125362248018847
1546425,0.3204451897366213
1333237,0.8959939185338561
1364858,0.5798101073437248
1549639,0.8527344702412679
1463862,0.6928940842936419
1197730,0.7298977225838043
1071145,0.3322867547453371
1527830,0.27075754197789215
1405416,0.05161209181886606
1034545,0.5064776493808626
1303032,0.6610089389064726
1486581,0.4730861407419985
1098004,0.3881741912906701
945334,0.11088208412038558
1268888,0.42143324412135164
1450494,0.35820068808889205
1458191,0.17133153914383592
915405,0.3450931979893068
1581591,0.9924535516402055
1252474,0.8669219102474294
1360581,0.17915561324679163
1343756,0.37385624930840256
1320298,0.3211068418440337
1096665,0.4458514146630663
1575268,0.48234345611437124
1159329,0.9605512102484374
905587,0.9402829194222587
1447918,0.49015177120353315
1058875,0.2598270241477685
1053971,0.4689451210436506
948073,0.3168155634244648
1018743,0.8856340666233153
951204,0.5823638231751262
1575721,0.7825680302522247
1029907,0.961126367607598
1222898,0.13878365772205947
1351987,0.35203303872515646
959184,0.5320011978444289
1348354,0.3275836715945739
1586497,0.11041775063220238
1437079,0.6235653172130184
1559029,0.8888256430813375
1202607,0.852401496494044
1434374,0.7783098913389371
1409157,0.3793643763581114
1269745,0.867723092139204
1233573,0.7746658027492058
957540,0.6812672022829086
1347036,0.36304255906813465
1593170,0.8644458653986808
1462799,0.41833889096821175
1140760,0.32241537335621884
1594957,0.044999546637437216
1542599,0.1913416164077305
1430675,0.4208872783241333
1494678,0.10798057143766349
909343,0.3809210550214692
1532159,0.10219287180896497
1043151,0.9879936547518108
1346001,0.09106415342598351
1314241,0.42178698136043624
1446754,0.4030071895991887
1027864,0.945297396211497
1336126,0.893974037572461
1551688,0.058923292825357576
990954,0.7439478660034053
1300448,0.6562409482459323
1128778,0.26517886984970884
1208007,0.7771211647571984
1297347,0.5097455547583578
1376496,0.6884965410696764
1514283,0.09164052503993825
980550,0.5222506627898854
1220506,0.49245460111151595
1097168,0.7019606748735144
1089540,0.5420451593792145
1216704,0.13262169628011966
1123435,0.4903745650259014
1300499,0.5749724479835175
994627,0.48408700072577415
903928,0.13613166942568777
1266345,0.9406174299583815
1407078,0.45104694271756296
1398350,0.0410161759183304
1582655,0.24826075534437786
1519580,0.805916702617824
944821,0.7843409995837541
957440,0.24185658036715696
963401,0.48803239047193225
1208130,0.013137949534701598
1571791,0.5169820753816908
924953,0.5753311400483497
1313874,0.3451465925654983
1445313,0.4321399203667693
1207824,0.7394773557593181
1276284,0.2652856939303747
1260165,0.945495102172429
990060,0.9284797834177743
1173883,0.5393866941377109
1551272,0.4704110720307454
1367107,0.8922278119169184
1301611,0.6641476478750397
1064438,0.9892351390213551
1090172,0.34073640734594113
1066448,0.12802178541972276
1539253,0.5048092250354325
900591,0.6606682038757323
1140062,0.4589763542587899
1479724,0.30814639504277097
1400579,0.9066607791258294
944869,0.7442637984351578
1164331,0.6612010774402464
1575630,0.8586978179934901
1456572,0.9273394797923662
1252291,0.2168688193413182
1083795,0.2924038099011502
1516538,0.7123643332559995
915957,0.7783621956979978
1369553,0.3442666575255261
1519243,0.19609890275989905
944838,0.920964161146143
1442192,0.683964802435898
1198665,0.6651844345784287
1210203,0.8184042713462596
1406707,0.6057220632535876
1210463,0.8665989238485569
1595313,0.009508080093356686
1571541,0.48196960761416563
1026444,0.5735378390457727
1063437,0.5830613739941878
1380480,0.3649184287437559
908964,0.30307612038932674
1373631,0.8360545114506691
979617,0.29770800756946836
938112,0.6913669934822054
1468483,0.6598576128324304
1477930,0.7508455019353584
1236075,0.6693341713557146
1346819,0.04954272254545988
1014841,0.09488218378178215
1181364,0.7432891098559452
1336526,0.6704624004876865
1076056,0.5709478083625034
1548805,0.9661626854481783
935725,0.19328272624759746
1294586,0.04595962181815749
1267240,0.6391440257134886
1370424,0.11015182335681628
1386175,0.3339424623695907
1178419,0.44478820132564145
1510449,0.7074287827449506
1086447,0.19130729655873224
1090203,0.5511776200056095
1227574,0.24499629804320433
1588894,0.6809670208338942
1506706,0.13077796543888365
1240634,0.5068902304668157
1302531,0.31973103861231156
1002018,0.3011001486684962
1200626,0.40370030391506984
981525,0.5613733981384654
1458873,0.06309757061272314
1333112,0.843927033131481
1505465,0.11284491481027847
1550139,0.7136329528154153
1426977,0.9100776359461686
1227199,0.841433820462249
1123504,0.9058812300980059
1255061,0.37578824450679205
1280092,0.45838851012515414
1532788,0.3043252145042079
910827,0.3766409644667297
1293872,0.795513853073982
1393928,0.21950472752735495
959249,0.1302292956122476
1271782,0.6468568451967848
1309654,0.7145934852611872
1457476,0.1112250717381229
965093,0.18528760826186108
1103988,0.8048896713879499
1043750,0.32719852392427573
1242381,0.8373448506031754
1209198,0.0027382903587794827
1285697,0.01219683475236133
1416038,0.513021429828489
917262,0.6157834039137035
1418531,0.9626237408793803
1340870,0.36202704595690294
1121676,0.606718800127546
1378333,0.26746725884228284
1515860,0.32649780025518116
1149385,0.3850844397710559
1467569,0.8362338594037917
951170,0.684019594928979
1313443,0.5675900856866771
956108,0.042417957502641546
914071,0.5573941788369183
1555498,0.1377523533250813
1486199,0.23847804292833097
1371035,0.9154262664714502
1054610,0.8076544360284444
927004,0.953218559130887
1034090,0.2694447176438928
1169062,0.39681353065395575
1347451,0.45765693590667944
940243,0.3832138572329532
1001767,0.4547233493168583
1144402,0.248635146435637
1232919,0.3778682966256163
1246405,0.8877650890435785
1143257,0.04764502017930006
1267851,0.5976060810823419
1372356,0.9815428449480337
1422628,0.07854447772341411
963582,0.39407461084831197
995499,0.4604538680154092
923970,0.2483705217574268
1235692,0.2123034938720476
1564761,0.45419301794866174
984716,0.698994459948453
1407796,0.21280131579072858
936862,0.9258198639635619
1508538,0.7166754274167701
1407115,0.6917799152379638
1273180,0.9367350828397744
1156555,0.3758563487480495
1177287,0.6305947405506699
1457232,0.031026847478813457
1288885,0.23115158555174842
1099166,0.5791668488040826
1447662,0.6791082292774808
1468102,0.5985502958619786
1288108,0.18731299852374383
1415419,0.5322446353349934
1112454,0.6880182645144898
921054,0.42315609833360934
1193458,0.8190243041518093
1373120,0.33562405926626726
1171522,0.575847980899979
1562278,0.810090674999672
1365084,0.8395722929023487
939638,0.6987182548649975
1055902,0.7546338766743323
1478892,0.4688994578863436
1090444,0.2710165888887447
1084116,0.7487895939344752
1064907,0.8168571689014968
1173891,0.504356655204704
1106334,0.8396886159322424
971071,0.2079213075846328
1292861,0.4716944860472899
1428918,0.03273663657026704
1053089,0.7951188954365204
1074906,0.3149479128326923
1520736,0.7272720842460465
1073515,0.03336358626635727
1021783,0.12429355316422819
1146441,0.8599303308427239
1349620,0.5327405488393065
1289747,0.034722326153406646
1065179,0.49443758855588105
931280,0.7616717041395786
957151,0.8187608475276148
976177,0.4499474388904724
974634,0.9091714624033685
1202881,0.5070641476082507
1386571,0.6691398542567389
1400000,0.5975215072957796
1208580,0.04254755704496127
1085345,0.7097651324028852
1088833,0.3915849840001395
1231052,0.3049955794420407
1266707,0.06313763935555616
1294975,0.41166293056884495
1595957,0.8235343872329983
1140860,0.9777919450238717
1108471,0.3550823354413759
1363902,0.7672361421728232
1518110,0.293880525236195
1108406,0.5685093806616976
1396761,0.8415215894702173
1424880,0.7378505984109164
1599266,0.5000749286296629
1568907,0.22971189343015186
1055527,0.7198337976516356
1445509,0.14874401684727445
1435201,0.4976131562412123
917209,0.934333344746113
1219822,0.5900693754476797
998763,0.40877089511913944
1057332,0.4481705290088287
1400503,0.48422695871807153
1483214,0.3886261908836993
1138146,0.1312748549930718
931543,0.07181371801872227
1205918,0.20818772626225324
1339057,0.7733853409050093
1362510,0.3845713144034455
1475541,0.4142290044008189
1341967,0.5152866708811935
1349180,0.5375804699828641
953025,0.46949523396147974
991317,0.8417501478705209
1033428,0.6384282465376098
1219798,0.6761585035405808
1315024,0.7000135728972212
1043196,0.12662840528407526
1231862,0.03664168787151312
1104657,0.0790990334687518
1076593,0.25140914954254345
1491376,0.7883003444296155
1274481,0.1769060284002859
1400248,0.9324222111019098
935838,0.20220677777063278
1043760,0.34612662687738627
1464134,0.6024589763700586
1106853,0.4711743202372697
1060929,0.16240874621712986
1594365,0.0997183577860139
1269860,0.24430885435553773
1514920,0.9228572332855417
1504163,0.9260457299570489
1580604,0.7013047474254686
1137718,0.3933697110745652
1439888,0.47446950621969897
1457809,0.5031110228716231
995018,0.14761878616982138
931502,0.3621541623061748
1332691,0.052346683531257154
994012,0.5279216547724646
1008905,0.8393827336272555
1302820,0.8117916073868834
1183648,0.8611216192385632
963021,0.33241760799036046
914070,0.6263098026679795
1425034,0.523985349369966
1411306,0.3079751984280118
973118,0.5678168717274401
1566963,0.451019632423705
1264433,0.6430113199098089
1149039,0.21696205896789822
1495875,0.5978479242365912
1587923,0.4308623272810531
1200409,0.6935161341558773
962221,0.08142943390549373
1187099,0.5769708834478712
1505836,0.4676982837157979
1333118,0.46968266431163885
989239,0.7707003948411062
1445149,0.47335135974152887
1099178,0.6704437245727123
1260540,0.5370027605014702
1214876,0.40573646178294587
1018972,0.1582391003527821
1485802,0.1043629762917333
1476856,0.7239586039939476
1035626,0.8974948311599266
1492925,0.43277582821241223
1276543,0.9791967019780854
1486271,0.5599228948695196
1544994,0.8835490240444922
1472026,0.48058130456622206
1331196,0.389128564490826
1258519,0.6480181217819095
1237810,0.3059857497513313
1587920,0.716238162765922
1187649,0.48168672682046
1257989,0.9326307021336107
1473386,0.6926281973374423
1140046,0.26886265868410864
1231767,0.8363020775716612
1096576,0.10629221560181623
1456910,0.45120108907285617
1158241,0.1295857651285981
1410492,0.12387000878349608
1473107,0.22828988876959433
935000,0.76221566599154
1243206,0.31912694682685916
950187,0.4275284622563028
973827,0.19999615634582102
1330127,0.18094148334078564
1557058,0.20161855956547503
1288655,0.735397267049917
1149507,0.6337671296126307
1577288,0.9373463047595751
1487540,0.5619142905429086
1239226,0.04374399728342315
1029231,0.16332581350509745
1133170,0.5955568935159816
1081102,0.5731533991396524
1193636,0.799261251529379
1472184,0.2955719443071083
912001,0.7230194202645034
1115434,0.972648502909321
1305518,0.5692987091485525
1523561,0.8564391186875538
968965,0.23136183353305495
1267269,0.6376896889229009
1164423,0.7912899056818189
1026535,0.12739492311289513
1305566,0.6247153122136796
1123338,0.4637234847825418
1557649,0.9963858414466442
1593341,0.9281484750757163
1036595,0.8155408545658879
1347670,0.40543608547979926
975705,0.4143335536976678
1456695,0.1456510767676209
1067109,0.41357760528791987
1127265,0.5519857105915053
1250744,0.3776637900850953
1585140,0.39491511663108725
1323286,0.45349432447571536
1325943,0.3585716886246314
1332575,0.4180668806051251
1559705,0.9841777902486926
1238376,0.4170899315500948
1069417,0.9472156661040306
959728,0.0293379909058209
1509253,0.049262771535075855
1580184,0.12278031071689466
975088,0.846708550151632
1076627,0.8736603094796215
960982,0.4485249256405234
1582238,0.2292096705144513
1478707,0.19878626686495005
1020916,0.2705593458483504
1048812,0.1320843632847013
1324221,0.15850146673462318
1177966,0.7053279988728158
1385976,0.3060483025672266
963226,0.07232262322681382
1298967,0.6089042096545938
1188585,0.5266356342632788
1038222,0.5725611428607013
1005374,0.1004580358412277
905035,0.7955110317931607
1268547,0.05717801762274799
1069685,0.2666749462032132
1341160,0.6307482011114628
1059134,0.265731596897651
1569696,0.20802178329963805
1355488,0.6540286866540154
1145958,0.7543931442109933
1361810,0.12717394177300523
1472608,0.3754283425593721
